Lat,Lon,Time Range,Vessel ID,Flag,Vessel Name,Entry Timestamp,Exit Timestamp,Gear Type,Vessel Type,MMSI,IMO,CallSign,First Transmission Date,Last Transmission Date,Apparent Fishing Hours
47.3,-60.200001,2024-03,5a9711ce7-747e-e81e-cf74-9c3c55493d34,CAN,HARD DAY`S NIGHT,2024-03-04T10:00:00Z,2024-03-18T02:00:00Z,FISHING,FISHING,316043687,,CH 16,2021-10-12T11:04:33Z,2026-05-03T09:34:39Z,41.89
48.3,-59.799999,2024-03,a860e2995-54f0-6403-3f8a-6c51444b52f9,CAN,SEA VOYAGER II,2024-03-05T10:00:00Z,2024-03-17T19:00:00Z,TRAWLERS,FISHING,316002174,,,2014-07-14T10:25:35Z,2026-07-06T16:23:41Z,5.68
46.8,-57.700001,2024-03,df64c7b30-0651-9cab-0552-1a8ed7a564fd,CAN,MARIE EVE II,2024-03-03T06:00:00Z,2024-03-29T09:00:00Z,TRAWLERS,FISHING,316003695,,VD7222,2015-12-28T12:18:24Z,2026-07-06T23:58:04Z,13.73
48.8,-67.800003,2024-03,3b461efd3-34cd-826c-083f-f8278c14c4fa,CAN,R.M. BOURLINGEUR,2024-03-25T15:00:00Z,2024-03-29T15:00:00Z,FIXED_GEAR,FISHING,316020601,,,2020-04-16T12:06:31Z,2026-06-22T21:45:31Z,0.83
46.0,-58.200001,2024-03,64d5a1adf-f4cb-9dea-2d39-cbb83e927f31,CAN,LET R RIP,2024-03-11T06:00:00Z,2024-03-23T08:00:00Z,SET_LONGLINES,FISHING,316002514,,,2020-11-11T15:39:26Z,2026-07-06T23:58:57Z,37.44
45.9,-58.299999,2024-03,64d5a1adf-f4cb-9dea-2d39-cbb83e927f31,CAN,LET R RIP,2024-03-11T06:00:00Z,2024-03-23T08:00:00Z,SET_LONGLINES,FISHING,316002514,,,2020-11-11T15:39:26Z,2026-07-06T23:58:57Z,2.96
49.0,-58.099998,2024-03,43f7a90d0-056c-1c0c-4eea-e1f02b98eba5,CAN,M & R TRADITION,2024-03-09T08:00:00Z,2024-03-26T20:00:00Z,TRAWLERS,FISHING,316002703,,,2015-06-02T15:00:48Z,2026-07-06T17:47:51Z,1.32
47.1,-58.200001,2024-03,f592078b1-1e89-68d1-bf80-3e8cb509638c,CAN,RUSSELL`S LEGACY,2024-03-03T06:00:00Z,2024-03-31T22:00:00Z,TRAWLERS,FISHING,316041365,,,2019-08-26T17:25:03Z,2026-07-06T22:48:17Z,52.8
48.3,-59.799999,2024-03,43f7a90d0-056c-1c0c-4eea-e1f02b98eba5,CAN,M & R TRADITION,2024-03-09T08:00:00Z,2024-03-26T20:00:00Z,TRAWLERS,FISHING,316002703,,,2015-06-02T15:00:48Z,2026-07-06T17:47:51Z,20.16
47.1,-60.200001,2024-03,f538b8eb8-8b5e-9062-d299-6512d6b2e64e,CAN,BLACK CLOUD,2024-03-05T19:00:00Z,2024-03-26T21:00:00Z,SET_GILLNETS,FISHING,316028047,,,2019-01-03T16:23:42Z,2026-07-06T07:05:27Z,2.76
45.1,-57.099998,2024-03,3c447ad31-1c26-2868-736e-2fccb6120740,CAN,EMRY BOYS,2024-03-10T07:00:00Z,2024-03-23T14:00:00Z,DRIFTING_LONGLINES,FISHING,316025389,,,2020-10-07T17:07:50Z,2025-11-25T16:43:30Z,2.04
46.8,-57.700001,2024-03,900836bdd-d9ce-5c3b-02d1-c1de5fb32078,CAN,ATLANTIC BLUEFIN TOO,2024-03-06T17:00:00Z,2024-03-31T12:00:00Z,FISHING,FISHING,316007010,,,2015-11-02T03:02:04Z,2026-07-06T23:48:29Z,23.58
46.7,-58.599998,2024-03,447d97d9e-eedc-33ba-01f1-16747d105319,CAN,RYAN AND GIRLS,2024-03-05T07:00:00Z,2024-03-16T19:00:00Z,FIXED_GEAR,FISHING,316019959,,CH.16,2013-02-06T23:12:34Z,2026-07-06T23:59:29Z,5.02
46.9,-59.900002,2024-03,5a9711ce7-747e-e81e-cf74-9c3c55493d34,CAN,HARD DAY`S NIGHT,2024-03-04T10:00:00Z,2024-03-18T02:00:00Z,FISHING,FISHING,316043687,,CH 16,2021-10-12T11:04:33Z,2026-05-03T09:34:39Z,15.79
47.0,-60.299999,2024-03,02465bc61-10da-ff4c-3cfb-8e0f4b045801,CAN,CASH STERN,2024-03-26T05:00:00Z,2024-03-27T03:00:00Z,SET_GILLNETS,FISHING,316051092,,,2023-03-01T05:12:37Z,2026-05-14T09:19:52Z,0.08
46.4,-60.299999,2024-03,47ff0824d-d755-1167-a6bf-3a36dd335d24,CAN,,2024-03-15T08:00:00Z,2024-03-15T19:00:00Z,DREDGE_FISHING,FISHING,316050297,,,2022-08-27T15:27:18Z,2024-03-15T20:46:57Z,2.65
45.2,-60.700001,2024-03,7dfd9e38e-ee0a-3155-6e7b-da9bbbb92f34,CAN,SAVVIE SAILOR,2024-03-27T14:00:00Z,2024-03-27T17:00:00Z,OTHER_PURSE_SEINES,FISHING,316051184,,CH16,2023-04-12T19:12:52Z,2026-07-06T23:58:42Z,1.02
45.0,-66.800003,2024-03,de136aa5c-c7f3-f978-e6b1-6d9bb1bdd665,CAN,GRAND RETRIEVER,2024-03-01T12:00:00Z,2024-03-05T15:00:00Z,INCONCLUSIVE,FISHING,316001962,6410192.0,VC 8540,2022-08-04T17:55:35Z,2026-07-06T23:31:04Z,0.7
48.3,-59.700001,2024-03,b16853923-309c-e6c3-4745-c0d161bfe378,CAN,B & B MARINER,2024-03-16T17:00:00Z,2024-03-20T14:00:00Z,TRAWLERS,FISHING,316011433,,,2013-10-07T01:30:11Z,2026-07-06T23:03:59Z,0.43
47.2,-60.5,2024-03,f538b8eb8-8b5e-9062-d299-6512d6b2e64e,CAN,BLACK CLOUD,2024-03-05T19:00:00Z,2024-03-26T21:00:00Z,SET_GILLNETS,FISHING,316028047,,,2019-01-03T16:23:42Z,2026-07-06T07:05:27Z,0.69
45.0,-67.0,2024-03,ba49125bf-fbb1-bca2-eaaa-2d266b3f074d,CAN,FUNDY NAVIGATOR,2024-03-31T18:00:00Z,2024-03-31T19:00:00Z,FISHING,FISHING,316010834,,,2014-04-24T21:51:33Z,2026-07-06T23:58:38Z,1.0
46.3,-60.299999,2024-03,0d0a9919b-ba18-2c17-dca2-6ec1e97770ac,CAN,KAREN AND LISA,2024-03-19T07:00:00Z,2024-03-19T20:00:00Z,,FISHING,316050297,,,2022-09-14T12:34:53Z,2026-05-22T10:44:25Z,0.0
48.1,-59.700001,2024-03,b16853923-309c-e6c3-4745-c0d161bfe378,CAN,B & B MARINER,2024-03-16T17:00:00Z,2024-03-20T14:00:00Z,TRAWLERS,FISHING,316011433,,,2013-10-07T01:30:11Z,2026-07-06T23:03:59Z,8.61
45.4,-56.200001,2024-03,673d92d4e-e28c-ee4d-28c7-c21191231739,CAN,BLAIR MARIE & BOYS,2024-03-18T06:00:00Z,2024-03-18T21:00:00Z,SET_LONGLINES,FISHING,316001532,,,2023-03-23T09:29:19Z,2025-12-27T21:30:47Z,0.45
48.2,-59.799999,2024-03,c405f67e3-3d27-39dd-b135-753d223a3a5d,CAN,MERIDIAN 66,2024-03-06T07:00:00Z,2024-03-26T13:00:00Z,TRAWLERS,FISHING,316003542,,,2015-05-03T01:30:52Z,2026-05-05T12:08:58Z,82.0
48.6,-68.699997,2024-03,09867d9ba-aa7d-e56c-0877-e3d059c4dfff,CAN,LE CLARISSA,2024-03-25T13:00:00Z,2024-03-29T17:00:00Z,SET_GILLNETS,FISHING,316031917,,,2018-03-23T12:21:35Z,2026-06-05T15:02:11Z,6.04
47.1,-58.099998,2024-03,df64c7b30-0651-9cab-0552-1a8ed7a564fd,CAN,MARIE EVE II,2024-03-03T06:00:00Z,2024-03-29T09:00:00Z,TRAWLERS,FISHING,316003695,,VD7222,2015-12-28T12:18:24Z,2026-07-06T23:58:04Z,3.51
45.2,-60.5,2024-03,771802d64-4b95-edd6-f1f1-8e1619d47954,CAN,CRAWLER HAULER 1,2024-03-19T20:00:00Z,2024-03-21T01:00:00Z,SET_LONGLINES,FISHING,316028343,,CFN,2021-10-10T00:10:38Z,2026-07-06T05:28:40Z,0.35
46.0,-58.700001,2024-03,f538b8eb8-8b5e-9062-d299-6512d6b2e64e,CAN,BLACK CLOUD,2024-03-05T19:00:00Z,2024-03-26T21:00:00Z,SET_GILLNETS,FISHING,316028047,,,2019-01-03T16:23:42Z,2026-07-06T07:05:27Z,11.55
47.0,-58.099998,2024-03,f592078b1-1e89-68d1-bf80-3e8cb509638c,CAN,RUSSELL`S LEGACY,2024-03-03T06:00:00Z,2024-03-31T22:00:00Z,TRAWLERS,FISHING,316041365,,,2019-08-26T17:25:03Z,2026-07-06T22:48:17Z,14.42
48.3,-59.799999,2024-03,48ceeb161-1ecd-7763-ce4b-23d6372d5b1e,CAN,GUARDIAN GALE,2024-03-04T18:00:00Z,2024-03-27T11:00:00Z,TRAWLERS,FISHING,316010360,,,2014-08-03T01:27:18Z,2026-07-06T23:06:48Z,28.82
46.5,-58.799999,2024-03,447d97d9e-eedc-33ba-01f1-16747d105319,CAN,RYAN AND GIRLS,2024-03-05T07:00:00Z,2024-03-16T19:00:00Z,FIXED_GEAR,FISHING,316019959,,CH.16,2013-02-06T23:12:34Z,2026-07-06T23:59:29Z,21.57
47.0,-57.400002,2024-03,df64c7b30-0651-9cab-0552-1a8ed7a564fd,CAN,MARIE EVE II,2024-03-03T06:00:00Z,2024-03-29T09:00:00Z,TRAWLERS,FISHING,316003695,,VD7222,2015-12-28T12:18:24Z,2026-07-06T23:58:04Z,28.69
45.6,-59.799999,2024-03,c4d15de78-8f15-3c04-dedd-a9ccff296b7b,CAN,LAUREN ELLIE,2024-03-23T06:00:00Z,2024-03-28T09:00:00Z,SET_LONGLINES,FISHING,316043682,,CH 16,2020-09-09T18:02:13Z,2026-07-03T18:52:12Z,4.11
45.2,-65.5,2024-03,23eb893a7-7c35-847d-d8df-48cfc3c1e63e,CAN,BLACK DUCK 1,2024-03-14T13:00:00Z,2024-03-17T00:00:00Z,TRAWLERS,FISHING,316003649,,CH - 16,2022-02-13T21:19:51Z,2026-07-06T22:12:01Z,0.03
48.1,-59.799999,2024-03,a860e2995-54f0-6403-3f8a-6c51444b52f9,CAN,SEA VOYAGER II,2024-03-05T10:00:00Z,2024-03-17T19:00:00Z,TRAWLERS,FISHING,316002174,,,2014-07-14T10:25:35Z,2026-07-06T16:23:41Z,7.91
46.8,-57.599998,2024-03,df64c7b30-0651-9cab-0552-1a8ed7a564fd,CAN,MARIE EVE II,2024-03-03T06:00:00Z,2024-03-29T09:00:00Z,TRAWLERS,FISHING,316003695,,VD7222,2015-12-28T12:18:24Z,2026-07-06T23:58:04Z,15.17
45.6,-60.0,2024-03,00af1dc8d-d49d-1652-6230-493e885b617c,CAN,SABRINA & GIRLS,2024-03-15T08:00:00Z,2024-03-28T20:00:00Z,SET_GILLNETS,FISHING,316024147,,CH16,2022-08-02T17:50:10Z,2026-07-06T06:58:17Z,15.77
47.3,-60.099998,2024-03,5a9711ce7-747e-e81e-cf74-9c3c55493d34,CAN,HARD DAY`S NIGHT,2024-03-04T10:00:00Z,2024-03-18T02:00:00Z,FISHING,FISHING,316043687,,CH 16,2021-10-12T11:04:33Z,2026-05-03T09:34:39Z,3.42
47.3,-60.400002,2024-03,f538b8eb8-8b5e-9062-d299-6512d6b2e64e,CAN,BLACK CLOUD,2024-03-05T19:00:00Z,2024-03-26T21:00:00Z,SET_GILLNETS,FISHING,316028047,,,2019-01-03T16:23:42Z,2026-07-06T07:05:27Z,3.76
46.9,-57.599998,2024-03,f592078b1-1e89-68d1-bf80-3e8cb509638c,CAN,RUSSELL`S LEGACY,2024-03-03T06:00:00Z,2024-03-31T22:00:00Z,TRAWLERS,FISHING,316041365,,,2019-08-26T17:25:03Z,2026-07-06T22:48:17Z,4.81
46.1,-58.200001,2024-03,64d5a1adf-f4cb-9dea-2d39-cbb83e927f31,CAN,LET R RIP,2024-03-11T06:00:00Z,2024-03-23T08:00:00Z,SET_LONGLINES,FISHING,316002514,,,2020-11-11T15:39:26Z,2026-07-06T23:58:57Z,29.31
45.5,-60.299999,2024-03,53cae2166-63d3-0042-d784-4ce165d7bf37,CAN,AVA & BOYS,2024-03-07T00:00:00Z,2024-03-07T13:00:00Z,SET_GILLNETS,FISHING,316025271,,,2023-04-04T17:43:17Z,2026-06-10T07:52:25Z,4.69
47.0,-58.099998,2024-03,df64c7b30-0651-9cab-0552-1a8ed7a564fd,CAN,MARIE EVE II,2024-03-03T06:00:00Z,2024-03-29T09:00:00Z,TRAWLERS,FISHING,316003695,,VD7222,2015-12-28T12:18:24Z,2026-07-06T23:58:04Z,3.87
48.5,-68.699997,2024-03,09867d9ba-aa7d-e56c-0877-e3d059c4dfff,CAN,LE CLARISSA,2024-03-25T13:00:00Z,2024-03-29T17:00:00Z,SET_GILLNETS,FISHING,316031917,,,2018-03-23T12:21:35Z,2026-06-05T15:02:11Z,1.51
45.1,-57.200001,2024-03,05d2c9314-496f-c167-2e63-6839829e234b,CAN,NATHEN K,2024-03-09T07:00:00Z,2024-03-09T16:00:00Z,TRAWLERS,FISHING,316046363,,,2021-09-09T14:46:48Z,2026-07-06T23:43:18Z,0.99
45.3,-65.699997,2024-03,6b3e8b4e2-2e28-d35e-4807-9d78df3d4e41,CAN,BRYCAS,2024-03-30T13:00:00Z,2024-03-31T20:00:00Z,TRAWLERS,FISHING,316007872,,,2020-04-30T12:41:58Z,2026-07-03T17:18:26Z,4.6
45.5,-60.200001,2024-03,00af1dc8d-d49d-1652-6230-493e885b617c,CAN,SABRINA & GIRLS,2024-03-15T08:00:00Z,2024-03-28T20:00:00Z,SET_GILLNETS,FISHING,316024147,,CH16,2022-08-02T17:50:10Z,2026-07-06T06:58:17Z,7.85
47.1,-61.799999,2024-03,1f597fa5e-e517-966b-a0aa-b64871fb59df,CAN,AARON ANCIL,2024-03-25T13:00:00Z,2024-03-26T16:00:00Z,TRAWLERS,FISHING,316030853,,,2020-03-27T18:34:12Z,2026-04-23T20:22:59Z,17.8
46.4,-60.400002,2024-03,47ff0824d-d755-1167-a6bf-3a36dd335d24,CAN,,2024-03-15T08:00:00Z,2024-03-15T19:00:00Z,DREDGE_FISHING,FISHING,316050297,,,2022-08-27T15:27:18Z,2024-03-15T20:46:57Z,8.76
45.4,-57.700001,2024-03,05d2c9314-496f-c167-2e63-6839829e234b,CAN,NATHEN K,2024-03-09T07:00:00Z,2024-03-09T16:00:00Z,TRAWLERS,FISHING,316046363,,,2021-09-09T14:46:48Z,2026-07-06T23:43:18Z,0.43
46.0,-58.099998,2024-03,64d5a1adf-f4cb-9dea-2d39-cbb83e927f31,CAN,LET R RIP,2024-03-11T06:00:00Z,2024-03-23T08:00:00Z,SET_LONGLINES,FISHING,316002514,,,2020-11-11T15:39:26Z,2026-07-06T23:58:57Z,29.44
45.7,-58.0,2024-03,64d5a1adf-f4cb-9dea-2d39-cbb83e927f31,CAN,LET R RIP,2024-03-11T06:00:00Z,2024-03-23T08:00:00Z,SET_LONGLINES,FISHING,316002514,,,2020-11-11T15:39:26Z,2026-07-06T23:58:57Z,11.2
48.2,-59.900002,2024-03,a860e2995-54f0-6403-3f8a-6c51444b52f9,CAN,SEA VOYAGER II,2024-03-05T10:00:00Z,2024-03-17T19:00:00Z,TRAWLERS,FISHING,316002174,,,2014-07-14T10:25:35Z,2026-07-06T16:23:41Z,1.02
46.5,-58.5,2024-03,447d97d9e-eedc-33ba-01f1-16747d105319,CAN,RYAN AND GIRLS,2024-03-05T07:00:00Z,2024-03-16T19:00:00Z,FIXED_GEAR,FISHING,316019959,,CH.16,2013-02-06T23:12:34Z,2026-07-06T23:59:29Z,11.2
48.3,-59.700001,2024-03,48ceeb161-1ecd-7763-ce4b-23d6372d5b1e,CAN,GUARDIAN GALE,2024-03-04T18:00:00Z,2024-03-27T11:00:00Z,TRAWLERS,FISHING,316010360,,,2014-08-03T01:27:18Z,2026-07-06T23:06:48Z,3.3
47.2,-58.200001,2024-03,900836bdd-d9ce-5c3b-02d1-c1de5fb32078,CAN,ATLANTIC BLUEFIN TOO,2024-03-06T17:00:00Z,2024-03-31T12:00:00Z,FISHING,FISHING,316007010,,,2015-11-02T03:02:04Z,2026-07-06T23:48:29Z,1.31
48.7,-69.0,2024-03,8cfd13de3-3484-fcbf-37d3-428bb97a0b8e,CAN,TREMAILLEUR,2024-03-24T10:00:00Z,2024-03-29T16:00:00Z,SET_GILLNETS,FISHING,316038384,,,2020-06-16T22:44:07Z,2026-05-19T22:14:26Z,1.94
48.6,-68.5,2024-03,09867d9ba-aa7d-e56c-0877-e3d059c4dfff,CAN,LE CLARISSA,2024-03-25T13:00:00Z,2024-03-29T17:00:00Z,SET_GILLNETS,FISHING,316031917,,,2018-03-23T12:21:35Z,2026-06-05T15:02:11Z,13.67
45.3,-57.400002,2024-03,05d2c9314-496f-c167-2e63-6839829e234b,CAN,NATHEN K,2024-03-09T07:00:00Z,2024-03-09T16:00:00Z,TRAWLERS,FISHING,316046363,,,2021-09-09T14:46:48Z,2026-07-06T23:43:18Z,0.64
48.1,-59.799999,2024-03,48ceeb161-1ecd-7763-ce4b-23d6372d5b1e,CAN,GUARDIAN GALE,2024-03-04T18:00:00Z,2024-03-27T11:00:00Z,TRAWLERS,FISHING,316010360,,,2014-08-03T01:27:18Z,2026-07-06T23:06:48Z,17.67
50.5,-57.799999,2024-03,16a2f0515-5c56-993d-0331-a92377b84f27,CAN,NORTHERN OSPREY III,2024-03-04T13:00:00Z,2024-03-09T22:00:00Z,TRAWLERS,FISHING,316014290,9804007.0,CFET,2017-08-30T12:19:46Z,2026-07-06T23:59:47Z,0.45
47.2,-61.799999,2024-03,1f597fa5e-e517-966b-a0aa-b64871fb59df,CAN,AARON ANCIL,2024-03-25T13:00:00Z,2024-03-26T16:00:00Z,TRAWLERS,FISHING,316030853,,,2020-03-27T18:34:12Z,2026-04-23T20:22:59Z,1.51
46.2,-58.299999,2024-03,64d5a1adf-f4cb-9dea-2d39-cbb83e927f31,CAN,LET R RIP,2024-03-11T06:00:00Z,2024-03-23T08:00:00Z,SET_LONGLINES,FISHING,316002514,,,2020-11-11T15:39:26Z,2026-07-06T23:58:57Z,18.29
48.2,-59.900002,2024-03,b16853923-309c-e6c3-4745-c0d161bfe378,CAN,B & B MARINER,2024-03-16T17:00:00Z,2024-03-20T14:00:00Z,TRAWLERS,FISHING,316011433,,,2013-10-07T01:30:11Z,2026-07-06T23:03:59Z,3.11
48.9,-68.599998,2024-03,995829c16-6c68-8ca4-20ff-8ec6f3aea2c7,CAN,DENIS RENE,2024-03-24T19:00:00Z,2024-03-29T15:00:00Z,FIXED_GEAR,FISHING,316039069,,,2022-03-24T14:23:28Z,2026-06-16T08:43:12Z,13.1
46.1,-58.099998,2024-03,64d5a1adf-f4cb-9dea-2d39-cbb83e927f31,CAN,LET R RIP,2024-03-11T06:00:00Z,2024-03-23T08:00:00Z,SET_LONGLINES,FISHING,316002514,,,2020-11-11T15:39:26Z,2026-07-06T23:58:57Z,5.12
46.9,-57.599998,2024-03,df64c7b30-0651-9cab-0552-1a8ed7a564fd,CAN,MARIE EVE II,2024-03-03T06:00:00Z,2024-03-29T09:00:00Z,TRAWLERS,FISHING,316003695,,VD7222,2015-12-28T12:18:24Z,2026-07-06T23:58:04Z,3.92
47.1,-61.700001,2024-03,1f597fa5e-e517-966b-a0aa-b64871fb59df,CAN,AARON ANCIL,2024-03-25T13:00:00Z,2024-03-26T16:00:00Z,TRAWLERS,FISHING,316030853,,,2020-03-27T18:34:12Z,2026-04-23T20:22:59Z,13.33
50.4,-57.900002,2024-03,16a2f0515-5c56-993d-0331-a92377b84f27,CAN,NORTHERN OSPREY III,2024-03-04T13:00:00Z,2024-03-09T22:00:00Z,TRAWLERS,FISHING,316014290,9804007.0,CFET,2017-08-30T12:19:46Z,2026-07-06T23:59:47Z,2.42
45.7,-59.900002,2024-03,c4d15de78-8f15-3c04-dedd-a9ccff296b7b,CAN,LAUREN ELLIE,2024-03-23T06:00:00Z,2024-03-28T09:00:00Z,SET_LONGLINES,FISHING,316043682,,CH 16,2020-09-09T18:02:13Z,2026-07-03T18:52:12Z,0.32
48.7,-68.400002,2024-03,76bfb267c-c095-b0dd-161f-5aacea3cda8f,CAN,LE BICOIS,2024-03-26T10:00:00Z,2024-03-29T21:00:00Z,SET_GILLNETS,FISHING,316003281,,,2019-03-27T09:13:13Z,2026-07-06T23:26:04Z,1.96
48.2,-59.900002,2024-03,c405f67e3-3d27-39dd-b135-753d223a3a5d,CAN,MERIDIAN 66,2024-03-06T07:00:00Z,2024-03-26T13:00:00Z,TRAWLERS,FISHING,316003542,,,2015-05-03T01:30:52Z,2026-05-05T12:08:58Z,10.9
47.2,-58.400002,2024-03,df64c7b30-0651-9cab-0552-1a8ed7a564fd,CAN,MARIE EVE II,2024-03-03T06:00:00Z,2024-03-29T09:00:00Z,TRAWLERS,FISHING,316003695,,VD7222,2015-12-28T12:18:24Z,2026-07-06T23:58:04Z,15.6
47.2,-61.700001,2024-03,b395ece12-2597-b006-10d8-ac3227d4f80f,CAN,POINTE BASSE,2024-03-23T16:00:00Z,2024-03-29T20:00:00Z,SET_GILLNETS,FISHING,316001937,,,2017-03-18T11:45:38Z,2026-07-02T06:39:59Z,15.93
45.1,-57.700001,2024-03,3c447ad31-1c26-2868-736e-2fccb6120740,CAN,EMRY BOYS,2024-03-10T07:00:00Z,2024-03-23T14:00:00Z,DRIFTING_LONGLINES,FISHING,316025389,,,2020-10-07T17:07:50Z,2025-11-25T16:43:30Z,14.48
47.1,-61.599998,2024-03,30b2b9246-6b27-c7bf-8270-71cd984c55f4,CAN,WESTERN WIND 11,2024-03-25T13:00:00Z,2024-03-25T15:00:00Z,POLE_AND_LINE,FISHING,316001909,,,2015-06-08T03:04:18Z,2026-01-22T14:49:43Z,1.31
47.5,-59.299999,2024-03,48ceeb161-1ecd-7763-ce4b-23d6372d5b1e,CAN,GUARDIAN GALE,2024-03-04T18:00:00Z,2024-03-27T11:00:00Z,TRAWLERS,FISHING,316010360,,,2014-08-03T01:27:18Z,2026-07-06T23:06:48Z,9.73
47.6,-56.700001,2024-03,d094c3a7b-b2f6-3ea0-8918-6474dbae4edd,CAN,SOUTHERN GAMBLER,2024-03-15T16:00:00Z,2024-03-31T20:00:00Z,,FISHING,316028133,,,2019-10-21T21:52:42Z,2026-05-23T23:52:30Z,46.46
48.2,-59.900002,2024-03,48ceeb161-1ecd-7763-ce4b-23d6372d5b1e,CAN,GUARDIAN GALE,2024-03-04T18:00:00Z,2024-03-27T11:00:00Z,TRAWLERS,FISHING,316010360,,,2014-08-03T01:27:18Z,2026-07-06T23:06:48Z,3.81
48.3,-59.900002,2024-03,48ceeb161-1ecd-7763-ce4b-23d6372d5b1e,CAN,GUARDIAN GALE,2024-03-04T18:00:00Z,2024-03-27T11:00:00Z,TRAWLERS,FISHING,316010360,,,2014-08-03T01:27:18Z,2026-07-06T23:06:48Z,1.5
47.0,-57.099998,2024-03,df64c7b30-0651-9cab-0552-1a8ed7a564fd,CAN,MARIE EVE II,2024-03-03T06:00:00Z,2024-03-29T09:00:00Z,TRAWLERS,FISHING,316003695,,VD7222,2015-12-28T12:18:24Z,2026-07-06T23:58:04Z,2.42
46.8,-59.900002,2024-03,5a9711ce7-747e-e81e-cf74-9c3c55493d34,CAN,HARD DAY`S NIGHT,2024-03-04T10:00:00Z,2024-03-18T02:00:00Z,FISHING,FISHING,316043687,,CH 16,2021-10-12T11:04:33Z,2026-05-03T09:34:39Z,4.58
47.1,-56.900002,2024-03,df64c7b30-0651-9cab-0552-1a8ed7a564fd,CAN,MARIE EVE II,2024-03-03T06:00:00Z,2024-03-29T09:00:00Z,TRAWLERS,FISHING,316003695,,VD7222,2015-12-28T12:18:24Z,2026-07-06T23:58:04Z,0.03
45.4,-57.299999,2024-03,673d92d4e-e28c-ee4d-28c7-c21191231739,CAN,BLAIR MARIE & BOYS,2024-03-18T06:00:00Z,2024-03-18T21:00:00Z,SET_LONGLINES,FISHING,316001532,,,2023-03-23T09:29:19Z,2025-12-27T21:30:47Z,3.31
45.4,-57.5,2024-03,673d92d4e-e28c-ee4d-28c7-c21191231739,CAN,BLAIR MARIE & BOYS,2024-03-18T06:00:00Z,2024-03-18T21:00:00Z,SET_LONGLINES,FISHING,316001532,,,2023-03-23T09:29:19Z,2025-12-27T21:30:47Z,1.56
47.2,-58.099998,2024-03,900836bdd-d9ce-5c3b-02d1-c1de5fb32078,CAN,ATLANTIC BLUEFIN TOO,2024-03-06T17:00:00Z,2024-03-31T12:00:00Z,FISHING,FISHING,316007010,,,2015-11-02T03:02:04Z,2026-07-06T23:48:29Z,0.0
45.2,-65.5,2024-03,6b3e8b4e2-2e28-d35e-4807-9d78df3d4e41,CAN,BRYCAS,2024-03-30T13:00:00Z,2024-03-31T20:00:00Z,TRAWLERS,FISHING,316007872,,,2020-04-30T12:41:58Z,2026-07-03T17:18:26Z,9.88
47.0,-57.400002,2024-03,f592078b1-1e89-68d1-bf80-3e8cb509638c,CAN,RUSSELL`S LEGACY,2024-03-03T06:00:00Z,2024-03-31T22:00:00Z,TRAWLERS,FISHING,316041365,,,2019-08-26T17:25:03Z,2026-07-06T22:48:17Z,21.12
46.9,-57.400002,2024-03,900836bdd-d9ce-5c3b-02d1-c1de5fb32078,CAN,ATLANTIC BLUEFIN TOO,2024-03-06T17:00:00Z,2024-03-31T12:00:00Z,FISHING,FISHING,316007010,,,2015-11-02T03:02:04Z,2026-07-06T23:48:29Z,1.02
48.0,-59.700001,2024-03,b16853923-309c-e6c3-4745-c0d161bfe378,CAN,B & B MARINER,2024-03-16T17:00:00Z,2024-03-20T14:00:00Z,TRAWLERS,FISHING,316011433,,,2013-10-07T01:30:11Z,2026-07-06T23:03:59Z,8.97
48.1,-59.799999,2024-03,c405f67e3-3d27-39dd-b135-753d223a3a5d,CAN,MERIDIAN 66,2024-03-06T07:00:00Z,2024-03-26T13:00:00Z,TRAWLERS,FISHING,316003542,,,2015-05-03T01:30:52Z,2026-05-05T12:08:58Z,3.11
48.3,-59.900002,2024-03,b16853923-309c-e6c3-4745-c0d161bfe378,CAN,B & B MARINER,2024-03-16T17:00:00Z,2024-03-20T14:00:00Z,TRAWLERS,FISHING,316011433,,,2013-10-07T01:30:11Z,2026-07-06T23:03:59Z,0.7
45.4,-57.599998,2024-03,05d2c9314-496f-c167-2e63-6839829e234b,CAN,NATHEN K,2024-03-09T07:00:00Z,2024-03-09T16:00:00Z,TRAWLERS,FISHING,316046363,,,2021-09-09T14:46:48Z,2026-07-06T23:43:18Z,2.04
46.9,-57.5,2024-03,f592078b1-1e89-68d1-bf80-3e8cb509638c,CAN,RUSSELL`S LEGACY,2024-03-03T06:00:00Z,2024-03-31T22:00:00Z,TRAWLERS,FISHING,316041365,,,2019-08-26T17:25:03Z,2026-07-06T22:48:17Z,40.6
46.9,-57.299999,2024-03,f592078b1-1e89-68d1-bf80-3e8cb509638c,CAN,RUSSELL`S LEGACY,2024-03-03T06:00:00Z,2024-03-31T22:00:00Z,TRAWLERS,FISHING,316041365,,,2019-08-26T17:25:03Z,2026-07-06T22:48:17Z,2.16
47.0,-57.299999,2024-03,900836bdd-d9ce-5c3b-02d1-c1de5fb32078,CAN,ATLANTIC BLUEFIN TOO,2024-03-06T17:00:00Z,2024-03-31T12:00:00Z,FISHING,FISHING,316007010,,,2015-11-02T03:02:04Z,2026-07-06T23:48:29Z,10.9
46.3,-58.5,2024-03,64d5a1adf-f4cb-9dea-2d39-cbb83e927f31,CAN,LET R RIP,2024-03-11T06:00:00Z,2024-03-23T08:00:00Z,SET_LONGLINES,FISHING,316002514,,,2020-11-11T15:39:26Z,2026-07-06T23:58:57Z,1.22
46.3,-58.299999,2024-03,64d5a1adf-f4cb-9dea-2d39-cbb83e927f31,CAN,LET R RIP,2024-03-11T06:00:00Z,2024-03-23T08:00:00Z,SET_LONGLINES,FISHING,316002514,,,2020-11-11T15:39:26Z,2026-07-06T23:58:57Z,5.44
48.9,-68.5,2024-03,995829c16-6c68-8ca4-20ff-8ec6f3aea2c7,CAN,DENIS RENE,2024-03-24T19:00:00Z,2024-03-29T15:00:00Z,FIXED_GEAR,FISHING,316039069,,,2022-03-24T14:23:28Z,2026-06-16T08:43:12Z,2.38
47.3,-60.400002,2024-03,02465bc61-10da-ff4c-3cfb-8e0f4b045801,CAN,CASH STERN,2024-03-26T05:00:00Z,2024-03-27T03:00:00Z,SET_GILLNETS,FISHING,316051092,,,2023-03-01T05:12:37Z,2026-05-14T09:19:52Z,3.61
47.1,-58.099998,2024-03,f592078b1-1e89-68d1-bf80-3e8cb509638c,CAN,RUSSELL`S LEGACY,2024-03-03T06:00:00Z,2024-03-31T22:00:00Z,TRAWLERS,FISHING,316041365,,,2019-08-26T17:25:03Z,2026-07-06T22:48:17Z,14.69
45.1,-60.700001,2024-03,7dfd9e38e-ee0a-3155-6e7b-da9bbbb92f34,CAN,SAVVIE SAILOR,2024-03-27T14:00:00Z,2024-03-27T17:00:00Z,OTHER_PURSE_SEINES,FISHING,316051184,,CH16,2023-04-12T19:12:52Z,2026-07-06T23:58:42Z,1.19
47.3,-60.299999,2024-03,5a9711ce7-747e-e81e-cf74-9c3c55493d34,CAN,HARD DAY`S NIGHT,2024-03-04T10:00:00Z,2024-03-18T02:00:00Z,FISHING,FISHING,316043687,,CH 16,2021-10-12T11:04:33Z,2026-05-03T09:34:39Z,29.93
48.3,-59.700001,2024-03,a860e2995-54f0-6403-3f8a-6c51444b52f9,CAN,SEA VOYAGER II,2024-03-05T10:00:00Z,2024-03-17T19:00:00Z,TRAWLERS,FISHING,316002174,,,2014-07-14T10:25:35Z,2026-07-06T16:23:41Z,5.67
46.8,-57.799999,2024-03,df64c7b30-0651-9cab-0552-1a8ed7a564fd,CAN,MARIE EVE II,2024-03-03T06:00:00Z,2024-03-29T09:00:00Z,TRAWLERS,FISHING,316003695,,VD7222,2015-12-28T12:18:24Z,2026-07-06T23:58:04Z,15.15
46.5,-58.400002,2024-03,447d97d9e-eedc-33ba-01f1-16747d105319,CAN,RYAN AND GIRLS,2024-03-05T07:00:00Z,2024-03-16T19:00:00Z,FIXED_GEAR,FISHING,316019959,,CH.16,2013-02-06T23:12:34Z,2026-07-06T23:59:29Z,7.73
46.6,-58.799999,2024-03,447d97d9e-eedc-33ba-01f1-16747d105319,CAN,RYAN AND GIRLS,2024-03-05T07:00:00Z,2024-03-16T19:00:00Z,FIXED_GEAR,FISHING,316019959,,CH.16,2013-02-06T23:12:34Z,2026-07-06T23:59:29Z,20.08
46.8,-57.700001,2024-03,f592078b1-1e89-68d1-bf80-3e8cb509638c,CAN,RUSSELL`S LEGACY,2024-03-03T06:00:00Z,2024-03-31T22:00:00Z,TRAWLERS,FISHING,316041365,,,2019-08-26T17:25:03Z,2026-07-06T22:48:17Z,5.62
46.6,-57.599998,2024-03,f592078b1-1e89-68d1-bf80-3e8cb509638c,CAN,RUSSELL`S LEGACY,2024-03-03T06:00:00Z,2024-03-31T22:00:00Z,TRAWLERS,FISHING,316041365,,,2019-08-26T17:25:03Z,2026-07-06T22:48:17Z,2.35
48.7,-68.199997,2024-03,76bfb267c-c095-b0dd-161f-5aacea3cda8f,CAN,LE BICOIS,2024-03-26T10:00:00Z,2024-03-29T21:00:00Z,SET_GILLNETS,FISHING,316003281,,,2019-03-27T09:13:13Z,2026-07-06T23:26:04Z,20.95
45.2,-60.799999,2024-03,7dfd9e38e-ee0a-3155-6e7b-da9bbbb92f34,CAN,SAVVIE SAILOR,2024-03-27T14:00:00Z,2024-03-27T17:00:00Z,OTHER_PURSE_SEINES,FISHING,316051184,,CH16,2023-04-12T19:12:52Z,2026-07-06T23:58:42Z,0.25
46.7,-57.599998,2024-03,df64c7b30-0651-9cab-0552-1a8ed7a564fd,CAN,MARIE EVE II,2024-03-03T06:00:00Z,2024-03-29T09:00:00Z,TRAWLERS,FISHING,316003695,,VD7222,2015-12-28T12:18:24Z,2026-07-06T23:58:04Z,6.87
47.0,-57.299999,2024-03,f592078b1-1e89-68d1-bf80-3e8cb509638c,CAN,RUSSELL`S LEGACY,2024-03-03T06:00:00Z,2024-03-31T22:00:00Z,TRAWLERS,FISHING,316041365,,,2019-08-26T17:25:03Z,2026-07-06T22:48:17Z,15.57
47.0,-57.5,2024-03,f592078b1-1e89-68d1-bf80-3e8cb509638c,CAN,RUSSELL`S LEGACY,2024-03-03T06:00:00Z,2024-03-31T22:00:00Z,TRAWLERS,FISHING,316041365,,,2019-08-26T17:25:03Z,2026-07-06T22:48:17Z,2.23
46.9,-57.5,2024-03,900836bdd-d9ce-5c3b-02d1-c1de5fb32078,CAN,ATLANTIC BLUEFIN TOO,2024-03-06T17:00:00Z,2024-03-31T12:00:00Z,FISHING,FISHING,316007010,,,2015-11-02T03:02:04Z,2026-07-06T23:48:29Z,38.41
46.8,-57.400002,2024-03,900836bdd-d9ce-5c3b-02d1-c1de5fb32078,CAN,ATLANTIC BLUEFIN TOO,2024-03-06T17:00:00Z,2024-03-31T12:00:00Z,FISHING,FISHING,316007010,,,2015-11-02T03:02:04Z,2026-07-06T23:48:29Z,0.27
48.2,-59.700001,2024-03,a860e2995-54f0-6403-3f8a-6c51444b52f9,CAN,SEA VOYAGER II,2024-03-05T10:00:00Z,2024-03-17T19:00:00Z,TRAWLERS,FISHING,316002174,,,2014-07-14T10:25:35Z,2026-07-06T16:23:41Z,3.1
48.3,-64.699997,2024-03,5e83ee8ce-e3d3-929f-5b48-28fb39de66b0,CAN,MERCATOR,2024-03-13T17:00:00Z,2024-03-13T18:00:00Z,POLE_AND_LINE,FISHING,316013715,,,2020-06-15T22:51:06Z,2026-06-11T16:43:28Z,0.99
48.7,-68.0,2024-03,cc3825877-707c-95eb-1952-5bf80f5e4f12,CAN,LA GASPESIENNE 51,2024-03-24T23:00:00Z,2024-03-31T15:00:00Z,FISHING,FISHING,316039057,,,2020-03-22T14:30:32Z,2026-07-06T23:24:50Z,16.15
46.8,-57.599998,2024-03,900836bdd-d9ce-5c3b-02d1-c1de5fb32078,CAN,ATLANTIC BLUEFIN TOO,2024-03-06T17:00:00Z,2024-03-31T12:00:00Z,FISHING,FISHING,316007010,,,2015-11-02T03:02:04Z,2026-07-06T23:48:29Z,5.49
45.1,-57.200001,2024-03,3c447ad31-1c26-2868-736e-2fccb6120740,CAN,EMRY BOYS,2024-03-10T07:00:00Z,2024-03-23T14:00:00Z,DRIFTING_LONGLINES,FISHING,316025389,,,2020-10-07T17:07:50Z,2025-11-25T16:43:30Z,1.23
48.3,-59.799999,2024-03,b16853923-309c-e6c3-4745-c0d161bfe378,CAN,B & B MARINER,2024-03-16T17:00:00Z,2024-03-20T14:00:00Z,TRAWLERS,FISHING,316011433,,,2013-10-07T01:30:11Z,2026-07-06T23:03:59Z,6.45
45.1,-56.900002,2024-03,3c447ad31-1c26-2868-736e-2fccb6120740,CAN,EMRY BOYS,2024-03-10T07:00:00Z,2024-03-23T14:00:00Z,DRIFTING_LONGLINES,FISHING,316025389,,,2020-10-07T17:07:50Z,2025-11-25T16:43:30Z,2.14
45.7,-59.099998,2024-03,f538b8eb8-8b5e-9062-d299-6512d6b2e64e,CAN,BLACK CLOUD,2024-03-05T19:00:00Z,2024-03-26T21:00:00Z,SET_GILLNETS,FISHING,316028047,,,2019-01-03T16:23:42Z,2026-07-06T07:05:27Z,1.48
47.6,-56.599998,2024-03,d094c3a7b-b2f6-3ea0-8918-6474dbae4edd,CAN,SOUTHERN GAMBLER,2024-03-15T16:00:00Z,2024-03-31T20:00:00Z,,FISHING,316028133,,,2019-10-21T21:52:42Z,2026-05-23T23:52:30Z,11.65
45.1,-66.800003,2024-03,de136aa5c-c7f3-f978-e6b1-6d9bb1bdd665,CAN,GRAND RETRIEVER,2024-03-01T12:00:00Z,2024-03-05T15:00:00Z,INCONCLUSIVE,FISHING,316001962,6410192.0,VC 8540,2022-08-04T17:55:35Z,2026-07-06T23:31:04Z,2.51
50.2,-66.400002,2024-03,d4f1546f1-1e17-3988-5962-37a06957b12e,CAN,MEROU,2024-03-30T13:00:00Z,2024-03-30T14:00:00Z,TRAWLERS,FISHING,316003724,,,2021-03-30T14:08:21Z,2026-04-18T16:20:58Z,1.71
47.1,-60.299999,2024-03,f538b8eb8-8b5e-9062-d299-6512d6b2e64e,CAN,BLACK CLOUD,2024-03-05T19:00:00Z,2024-03-26T21:00:00Z,SET_GILLNETS,FISHING,316028047,,,2019-01-03T16:23:42Z,2026-07-06T07:05:27Z,16.53
48.6,-59.799999,2024-03,7bf3bbc21-1bb8-aae4-4c5f-3f8c9b49b654,CAN,DOMINIC FRANCIS,2024-03-31T13:00:00Z,2024-03-31T16:00:00Z,TRAWLERS,FISHING,316002654,,VC5851,2017-04-08T04:03:08Z,2026-07-06T16:23:37Z,1.96
47.3,-60.299999,2024-03,2c86e3630-039f-e99e-1f29-d142d5d4b463,CAN,FAMILY RUN,2024-03-26T05:00:00Z,2024-03-26T21:00:00Z,FISHING,FISHING,316044528,,CH 16,2021-01-20T12:54:23Z,2026-07-06T23:52:03Z,3.22
47.3,-61.799999,2024-03,c883fd88c-cc55-7d55-424e-66fbde687539,CAN,PHOENIX IX,2024-03-23T16:00:00Z,2024-03-26T00:00:00Z,FISHING,FISHING,316014413,,,2019-04-18T20:37:50Z,2026-07-06T17:50:11Z,0.0
46.7,-57.700001,2024-03,f592078b1-1e89-68d1-bf80-3e8cb509638c,CAN,RUSSELL`S LEGACY,2024-03-03T06:00:00Z,2024-03-31T22:00:00Z,TRAWLERS,FISHING,316041365,,,2019-08-26T17:25:03Z,2026-07-06T22:48:17Z,28.13
47.9,-59.599998,2024-03,b16853923-309c-e6c3-4745-c0d161bfe378,CAN,B & B MARINER,2024-03-16T17:00:00Z,2024-03-20T14:00:00Z,TRAWLERS,FISHING,316011433,,,2013-10-07T01:30:11Z,2026-07-06T23:03:59Z,1.78
47.0,-58.0,2024-03,df64c7b30-0651-9cab-0552-1a8ed7a564fd,CAN,MARIE EVE II,2024-03-03T06:00:00Z,2024-03-29T09:00:00Z,TRAWLERS,FISHING,316003695,,VD7222,2015-12-28T12:18:24Z,2026-07-06T23:58:04Z,5.55
45.4,-60.099998,2024-03,00af1dc8d-d49d-1652-6230-493e885b617c,CAN,SABRINA & GIRLS,2024-03-15T08:00:00Z,2024-03-28T20:00:00Z,SET_GILLNETS,FISHING,316024147,,CH16,2022-08-02T17:50:10Z,2026-07-06T06:58:17Z,2.56
47.0,-57.200001,2024-03,df64c7b30-0651-9cab-0552-1a8ed7a564fd,CAN,MARIE EVE II,2024-03-03T06:00:00Z,2024-03-29T09:00:00Z,TRAWLERS,FISHING,316003695,,VD7222,2015-12-28T12:18:24Z,2026-07-06T23:58:04Z,0.25
46.9,-57.599998,2024-03,900836bdd-d9ce-5c3b-02d1-c1de5fb32078,CAN,ATLANTIC BLUEFIN TOO,2024-03-06T17:00:00Z,2024-03-31T12:00:00Z,FISHING,FISHING,316007010,,,2015-11-02T03:02:04Z,2026-07-06T23:48:29Z,5.62
46.6,-58.700001,2024-03,447d97d9e-eedc-33ba-01f1-16747d105319,CAN,RYAN AND GIRLS,2024-03-05T07:00:00Z,2024-03-16T19:00:00Z,FIXED_GEAR,FISHING,316019959,,CH.16,2013-02-06T23:12:34Z,2026-07-06T23:59:29Z,39.75
47.1,-60.099998,2024-03,f538b8eb8-8b5e-9062-d299-6512d6b2e64e,CAN,BLACK CLOUD,2024-03-05T19:00:00Z,2024-03-26T21:00:00Z,SET_GILLNETS,FISHING,316028047,,,2019-01-03T16:23:42Z,2026-07-06T07:05:27Z,0.62
48.6,-68.599998,2024-03,09867d9ba-aa7d-e56c-0877-e3d059c4dfff,CAN,LE CLARISSA,2024-03-25T13:00:00Z,2024-03-29T17:00:00Z,SET_GILLNETS,FISHING,316031917,,,2018-03-23T12:21:35Z,2026-06-05T15:02:11Z,3.87
47.3,-60.200001,2024-03,f538b8eb8-8b5e-9062-d299-6512d6b2e64e,CAN,BLACK CLOUD,2024-03-05T19:00:00Z,2024-03-26T21:00:00Z,SET_GILLNETS,FISHING,316028047,,,2019-01-03T16:23:42Z,2026-07-06T07:05:27Z,5.76
48.2,-59.799999,2024-03,b16853923-309c-e6c3-4745-c0d161bfe378,CAN,B & B MARINER,2024-03-16T17:00:00Z,2024-03-20T14:00:00Z,TRAWLERS,FISHING,316011433,,,2013-10-07T01:30:11Z,2026-07-06T23:03:59Z,16.83
48.6,-69.099998,2024-03,8cfd13de3-3484-fcbf-37d3-428bb97a0b8e,CAN,TREMAILLEUR,2024-03-24T10:00:00Z,2024-03-29T16:00:00Z,SET_GILLNETS,FISHING,316038384,,,2020-06-16T22:44:07Z,2026-05-19T22:14:26Z,5.38
47.2,-60.5,2024-03,02465bc61-10da-ff4c-3cfb-8e0f4b045801,CAN,CASH STERN,2024-03-26T05:00:00Z,2024-03-27T03:00:00Z,SET_GILLNETS,FISHING,316051092,,,2023-03-01T05:12:37Z,2026-05-14T09:19:52Z,5.73
46.2,-58.099998,2024-03,64d5a1adf-f4cb-9dea-2d39-cbb83e927f31,CAN,LET R RIP,2024-03-11T06:00:00Z,2024-03-23T08:00:00Z,SET_LONGLINES,FISHING,316002514,,,2020-11-11T15:39:26Z,2026-07-06T23:58:57Z,4.24
47.2,-60.400002,2024-03,2c86e3630-039f-e99e-1f29-d142d5d4b463,CAN,FAMILY RUN,2024-03-26T05:00:00Z,2024-03-26T21:00:00Z,FISHING,FISHING,316044528,,CH 16,2021-01-20T12:54:23Z,2026-07-06T23:52:03Z,4.02
45.0,-60.099998,2024-03,e5d48e026-6d1f-b375-2952-019ba586dc5b,CAN,DOUBLE TROUBLE XXX,2024-03-16T13:00:00Z,2024-03-16T19:00:00Z,SET_GILLNETS,FISHING,316035994,,,2018-04-28T13:38:29Z,2026-05-01T12:26:46Z,3.61
49.1,-58.299999,2024-03,43f7a90d0-056c-1c0c-4eea-e1f02b98eba5,CAN,M & R TRADITION,2024-03-09T08:00:00Z,2024-03-26T20:00:00Z,TRAWLERS,FISHING,316002703,,,2015-06-02T15:00:48Z,2026-07-06T17:47:51Z,6.36
46.8,-57.5,2024-03,900836bdd-d9ce-5c3b-02d1-c1de5fb32078,CAN,ATLANTIC BLUEFIN TOO,2024-03-06T17:00:00Z,2024-03-31T12:00:00Z,FISHING,FISHING,316007010,,,2015-11-02T03:02:04Z,2026-07-06T23:48:29Z,1.05
48.7,-68.300003,2024-03,76bfb267c-c095-b0dd-161f-5aacea3cda8f,CAN,LE BICOIS,2024-03-26T10:00:00Z,2024-03-29T21:00:00Z,SET_GILLNETS,FISHING,316003281,,,2019-03-27T09:13:13Z,2026-07-06T23:26:04Z,3.24
47.5,-59.099998,2024-03,48ceeb161-1ecd-7763-ce4b-23d6372d5b1e,CAN,GUARDIAN GALE,2024-03-04T18:00:00Z,2024-03-27T11:00:00Z,TRAWLERS,FISHING,316010360,,,2014-08-03T01:27:18Z,2026-07-06T23:06:48Z,4.7
47.3,-60.400002,2024-03,2c86e3630-039f-e99e-1f29-d142d5d4b463,CAN,FAMILY RUN,2024-03-26T05:00:00Z,2024-03-26T21:00:00Z,FISHING,FISHING,316044528,,CH 16,2021-01-20T12:54:23Z,2026-07-06T23:52:03Z,6.31
46.4,-60.299999,2024-03,0d0a9919b-ba18-2c17-dca2-6ec1e97770ac,CAN,KAREN AND LISA,2024-03-19T07:00:00Z,2024-03-19T20:00:00Z,,FISHING,316050297,,,2022-09-14T12:34:53Z,2026-05-22T10:44:25Z,5.84
45.1,-56.200001,2024-03,3c447ad31-1c26-2868-736e-2fccb6120740,CAN,EMRY BOYS,2024-03-10T07:00:00Z,2024-03-23T14:00:00Z,DRIFTING_LONGLINES,FISHING,316025389,,,2020-10-07T17:07:50Z,2025-11-25T16:43:30Z,0.56
46.8,-57.799999,2024-03,900836bdd-d9ce-5c3b-02d1-c1de5fb32078,CAN,ATLANTIC BLUEFIN TOO,2024-03-06T17:00:00Z,2024-03-31T12:00:00Z,FISHING,FISHING,316007010,,,2015-11-02T03:02:04Z,2026-07-06T23:48:29Z,14.39
47.1,-61.700001,2024-03,c883fd88c-cc55-7d55-424e-66fbde687539,CAN,PHOENIX IX,2024-03-23T16:00:00Z,2024-03-26T00:00:00Z,FISHING,FISHING,316014413,,,2019-04-18T20:37:50Z,2026-07-06T17:50:11Z,18.62
45.1,-66.0,2024-03,15623bab6-6f0e-cb83-01f2-8e606e058ae2,CAN,SMALL FORTUNE`S,2024-03-15T03:00:00Z,2024-03-15T08:00:00Z,DREDGE_FISHING,FISHING,316039557,,,2019-04-29T17:26:54Z,2026-07-06T23:58:19Z,5.91
45.6,-60.099998,2024-03,53cae2166-63d3-0042-d784-4ce165d7bf37,CAN,AVA & BOYS,2024-03-07T00:00:00Z,2024-03-07T13:00:00Z,SET_GILLNETS,FISHING,316025271,,,2023-04-04T17:43:17Z,2026-06-10T07:52:25Z,0.96
45.9,-58.099998,2024-03,64d5a1adf-f4cb-9dea-2d39-cbb83e927f31,CAN,LET R RIP,2024-03-11T06:00:00Z,2024-03-23T08:00:00Z,SET_LONGLINES,FISHING,316002514,,,2020-11-11T15:39:26Z,2026-07-06T23:58:57Z,24.86
46.9,-57.900002,2024-03,f592078b1-1e89-68d1-bf80-3e8cb509638c,CAN,RUSSELL`S LEGACY,2024-03-03T06:00:00Z,2024-03-31T22:00:00Z,TRAWLERS,FISHING,316041365,,,2019-08-26T17:25:03Z,2026-07-06T22:48:17Z,3.82
45.5,-60.099998,2024-03,00af1dc8d-d49d-1652-6230-493e885b617c,CAN,SABRINA & GIRLS,2024-03-15T08:00:00Z,2024-03-28T20:00:00Z,SET_GILLNETS,FISHING,316024147,,CH16,2022-08-02T17:50:10Z,2026-07-06T06:58:17Z,16.92
46.8,-57.900002,2024-03,df64c7b30-0651-9cab-0552-1a8ed7a564fd,CAN,MARIE EVE II,2024-03-03T06:00:00Z,2024-03-29T09:00:00Z,TRAWLERS,FISHING,316003695,,VD7222,2015-12-28T12:18:24Z,2026-07-06T23:58:04Z,1.21
48.2,-59.799999,2024-03,43f7a90d0-056c-1c0c-4eea-e1f02b98eba5,CAN,M & R TRADITION,2024-03-09T08:00:00Z,2024-03-26T20:00:00Z,TRAWLERS,FISHING,316002703,,,2015-06-02T15:00:48Z,2026-07-06T17:47:51Z,61.02
47.1,-61.599998,2024-03,b395ece12-2597-b006-10d8-ac3227d4f80f,CAN,POINTE BASSE,2024-03-23T16:00:00Z,2024-03-29T20:00:00Z,SET_GILLNETS,FISHING,316001937,,,2017-03-18T11:45:38Z,2026-07-02T06:39:59Z,9.29
45.2,-56.0,2024-03,3c447ad31-1c26-2868-736e-2fccb6120740,CAN,EMRY BOYS,2024-03-10T07:00:00Z,2024-03-23T14:00:00Z,DRIFTING_LONGLINES,FISHING,316025389,,,2020-10-07T17:07:50Z,2025-11-25T16:43:30Z,1.08
45.3,-60.400002,2024-03,771802d64-4b95-edd6-f1f1-8e1619d47954,CAN,CRAWLER HAULER 1,2024-03-19T20:00:00Z,2024-03-21T01:00:00Z,SET_LONGLINES,FISHING,316028343,,CFN,2021-10-10T00:10:38Z,2026-07-06T05:28:40Z,2.5
45.1,-56.099998,2024-03,3c447ad31-1c26-2868-736e-2fccb6120740,CAN,EMRY BOYS,2024-03-10T07:00:00Z,2024-03-23T14:00:00Z,DRIFTING_LONGLINES,FISHING,316025389,,,2020-10-07T17:07:50Z,2025-11-25T16:43:30Z,1.18
45.1,-57.5,2024-03,3c447ad31-1c26-2868-736e-2fccb6120740,CAN,EMRY BOYS,2024-03-10T07:00:00Z,2024-03-23T14:00:00Z,DRIFTING_LONGLINES,FISHING,316025389,,,2020-10-07T17:07:50Z,2025-11-25T16:43:30Z,1.44
45.1,-57.299999,2024-03,3c447ad31-1c26-2868-736e-2fccb6120740,CAN,EMRY BOYS,2024-03-10T07:00:00Z,2024-03-23T14:00:00Z,DRIFTING_LONGLINES,FISHING,316025389,,,2020-10-07T17:07:50Z,2025-11-25T16:43:30Z,0.87
48.7,-68.099998,2024-03,cc3825877-707c-95eb-1952-5bf80f5e4f12,CAN,LA GASPESIENNE 51,2024-03-24T23:00:00Z,2024-03-31T15:00:00Z,FISHING,FISHING,316039057,,,2020-03-22T14:30:32Z,2026-07-06T23:24:50Z,23.68
48.6,-68.599998,2024-03,1f6794d0e-ec0f-c38c-ac77-5add83484435,CAN,JASON AUDREY,2024-03-26T11:00:00Z,2024-03-28T15:00:00Z,FIXED_GEAR,FISHING,316014495,,,2020-07-15T23:24:55Z,2026-04-26T18:26:54Z,11.95
46.4,-57.5,2024-03,f592078b1-1e89-68d1-bf80-3e8cb509638c,CAN,RUSSELL`S LEGACY,2024-03-03T06:00:00Z,2024-03-31T22:00:00Z,TRAWLERS,FISHING,316041365,,,2019-08-26T17:25:03Z,2026-07-06T22:48:17Z,0.06
45.3,-57.5,2024-03,05d2c9314-496f-c167-2e63-6839829e234b,CAN,NATHEN K,2024-03-09T07:00:00Z,2024-03-09T16:00:00Z,TRAWLERS,FISHING,316046363,,,2021-09-09T14:46:48Z,2026-07-06T23:43:18Z,0.31
45.1,-59.900002,2024-03,13c5590ba-a8b2-66ad-b015-9f8f01851c00,CAN,FISHING FIONNATIC,2024-03-17T07:00:00Z,2024-03-18T09:00:00Z,SET_LONGLINES,FISHING,316024782,,CH - 16,2022-02-05T00:20:39Z,2026-07-06T20:19:04Z,7.34
46.2,-58.200001,2024-03,64d5a1adf-f4cb-9dea-2d39-cbb83e927f31,CAN,LET R RIP,2024-03-11T06:00:00Z,2024-03-23T08:00:00Z,SET_LONGLINES,FISHING,316002514,,,2020-11-11T15:39:26Z,2026-07-06T23:58:57Z,4.95
45.7,-59.900002,2024-03,00af1dc8d-d49d-1652-6230-493e885b617c,CAN,SABRINA & GIRLS,2024-03-15T08:00:00Z,2024-03-28T20:00:00Z,SET_GILLNETS,FISHING,316024147,,CH16,2022-08-02T17:50:10Z,2026-07-06T06:58:17Z,1.5
47.3,-60.299999,2024-03,02465bc61-10da-ff4c-3cfb-8e0f4b045801,CAN,CASH STERN,2024-03-26T05:00:00Z,2024-03-27T03:00:00Z,SET_GILLNETS,FISHING,316051092,,,2023-03-01T05:12:37Z,2026-05-14T09:19:52Z,3.59
45.2,-65.599998,2024-03,6b3e8b4e2-2e28-d35e-4807-9d78df3d4e41,CAN,BRYCAS,2024-03-30T13:00:00Z,2024-03-31T20:00:00Z,TRAWLERS,FISHING,316007872,,,2020-04-30T12:41:58Z,2026-07-03T17:18:26Z,1.93
45.4,-57.200001,2024-03,673d92d4e-e28c-ee4d-28c7-c21191231739,CAN,BLAIR MARIE & BOYS,2024-03-18T06:00:00Z,2024-03-18T21:00:00Z,SET_LONGLINES,FISHING,316001532,,,2023-03-23T09:29:19Z,2025-12-27T21:30:47Z,0.98
47.2,-56.400002,2024-03,df64c7b30-0651-9cab-0552-1a8ed7a564fd,CAN,MARIE EVE II,2024-03-03T06:00:00Z,2024-03-29T09:00:00Z,TRAWLERS,FISHING,316003695,,VD7222,2015-12-28T12:18:24Z,2026-07-06T23:58:04Z,4.27
45.0,-60.0,2024-03,13c5590ba-a8b2-66ad-b015-9f8f01851c00,CAN,FISHING FIONNATIC,2024-03-17T07:00:00Z,2024-03-18T09:00:00Z,SET_LONGLINES,FISHING,316024782,,CH - 16,2022-02-05T00:20:39Z,2026-07-06T20:19:04Z,2.91
46.5,-58.599998,2024-03,447d97d9e-eedc-33ba-01f1-16747d105319,CAN,RYAN AND GIRLS,2024-03-05T07:00:00Z,2024-03-16T19:00:00Z,FIXED_GEAR,FISHING,316019959,,CH.16,2013-02-06T23:12:34Z,2026-07-06T23:59:29Z,48.39
46.9,-57.5,2024-03,df64c7b30-0651-9cab-0552-1a8ed7a564fd,CAN,MARIE EVE II,2024-03-03T06:00:00Z,2024-03-29T09:00:00Z,TRAWLERS,FISHING,316003695,,VD7222,2015-12-28T12:18:24Z,2026-07-06T23:58:04Z,33.06
45.4,-60.200001,2024-03,00af1dc8d-d49d-1652-6230-493e885b617c,CAN,SABRINA & GIRLS,2024-03-15T08:00:00Z,2024-03-28T20:00:00Z,SET_GILLNETS,FISHING,316024147,,CH16,2022-08-02T17:50:10Z,2026-07-06T06:58:17Z,2.0
48.6,-59.900002,2024-03,7bf3bbc21-1bb8-aae4-4c5f-3f8c9b49b654,CAN,DOMINIC FRANCIS,2024-03-31T13:00:00Z,2024-03-31T16:00:00Z,TRAWLERS,FISHING,316002654,,VC5851,2017-04-08T04:03:08Z,2026-07-06T16:23:37Z,0.54
45.5,-59.900002,2024-03,c4d15de78-8f15-3c04-dedd-a9ccff296b7b,CAN,LAUREN ELLIE,2024-03-23T06:00:00Z,2024-03-28T09:00:00Z,SET_LONGLINES,FISHING,316043682,,CH 16,2020-09-09T18:02:13Z,2026-07-03T18:52:12Z,1.36
45.0,-56.700001,2024-03,3c447ad31-1c26-2868-736e-2fccb6120740,CAN,EMRY BOYS,2024-03-10T07:00:00Z,2024-03-23T14:00:00Z,DRIFTING_LONGLINES,FISHING,316025389,,,2020-10-07T17:07:50Z,2025-11-25T16:43:30Z,0.65
46.4,-60.400002,2024-03,0d0a9919b-ba18-2c17-dca2-6ec1e97770ac,CAN,KAREN AND LISA,2024-03-19T07:00:00Z,2024-03-19T20:00:00Z,,FISHING,316050297,,,2022-09-14T12:34:53Z,2026-05-22T10:44:25Z,6.86
46.8,-57.599998,2024-03,f592078b1-1e89-68d1-bf80-3e8cb509638c,CAN,RUSSELL`S LEGACY,2024-03-03T06:00:00Z,2024-03-31T22:00:00Z,TRAWLERS,FISHING,316041365,,,2019-08-26T17:25:03Z,2026-07-06T22:48:17Z,40.82
48.6,-68.5,2024-03,1f6794d0e-ec0f-c38c-ac77-5add83484435,CAN,JASON AUDREY,2024-03-26T11:00:00Z,2024-03-28T15:00:00Z,FIXED_GEAR,FISHING,316014495,,,2020-07-15T23:24:55Z,2026-04-26T18:26:54Z,3.09
45.4,-57.700001,2024-03,673d92d4e-e28c-ee4d-28c7-c21191231739,CAN,BLAIR MARIE & BOYS,2024-03-18T06:00:00Z,2024-03-18T21:00:00Z,SET_LONGLINES,FISHING,316001532,,,2023-03-23T09:29:19Z,2025-12-27T21:30:47Z,1.06
45.6,-60.0,2024-03,c4d15de78-8f15-3c04-dedd-a9ccff296b7b,CAN,LAUREN ELLIE,2024-03-23T06:00:00Z,2024-03-28T09:00:00Z,SET_LONGLINES,FISHING,316043682,,CH 16,2020-09-09T18:02:13Z,2026-07-03T18:52:12Z,0.45
47.1,-57.200001,2024-03,df64c7b30-0651-9cab-0552-1a8ed7a564fd,CAN,MARIE EVE II,2024-03-03T06:00:00Z,2024-03-29T09:00:00Z,TRAWLERS,FISHING,316003695,,VD7222,2015-12-28T12:18:24Z,2026-07-06T23:58:04Z,1.43
46.5,-58.700001,2024-03,447d97d9e-eedc-33ba-01f1-16747d105319,CAN,RYAN AND GIRLS,2024-03-05T07:00:00Z,2024-03-16T19:00:00Z,FIXED_GEAR,FISHING,316019959,,CH.16,2013-02-06T23:12:34Z,2026-07-06T23:59:29Z,60.12
48.6,-68.699997,2024-03,76bfb267c-c095-b0dd-161f-5aacea3cda8f,CAN,LE BICOIS,2024-03-26T10:00:00Z,2024-03-29T21:00:00Z,SET_GILLNETS,FISHING,316003281,,,2019-03-27T09:13:13Z,2026-07-06T23:26:04Z,1.58
45.2,-65.599998,2024-03,23eb893a7-7c35-847d-d8df-48cfc3c1e63e,CAN,BLACK DUCK 1,2024-03-14T13:00:00Z,2024-03-17T00:00:00Z,TRAWLERS,FISHING,316003649,,CH - 16,2022-02-13T21:19:51Z,2026-07-06T22:12:01Z,44.64
45.6,-60.099998,2024-03,00af1dc8d-d49d-1652-6230-493e885b617c,CAN,SABRINA & GIRLS,2024-03-15T08:00:00Z,2024-03-28T20:00:00Z,SET_GILLNETS,FISHING,316024147,,CH16,2022-08-02T17:50:10Z,2026-07-06T06:58:17Z,5.68
46.8,-57.5,2024-03,df64c7b30-0651-9cab-0552-1a8ed7a564fd,CAN,MARIE EVE II,2024-03-03T06:00:00Z,2024-03-29T09:00:00Z,TRAWLERS,FISHING,316003695,,VD7222,2015-12-28T12:18:24Z,2026-07-06T23:58:04Z,1.48
48.2,-59.700001,2024-03,c405f67e3-3d27-39dd-b135-753d223a3a5d,CAN,MERIDIAN 66,2024-03-06T07:00:00Z,2024-03-26T13:00:00Z,TRAWLERS,FISHING,316003542,,,2015-05-03T01:30:52Z,2026-05-05T12:08:58Z,8.47
46.0,-58.0,2024-03,64d5a1adf-f4cb-9dea-2d39-cbb83e927f31,CAN,LET R RIP,2024-03-11T06:00:00Z,2024-03-23T08:00:00Z,SET_LONGLINES,FISHING,316002514,,,2020-11-11T15:39:26Z,2026-07-06T23:58:57Z,20.02
46.9,-57.900002,2024-03,df64c7b30-0651-9cab-0552-1a8ed7a564fd,CAN,MARIE EVE II,2024-03-03T06:00:00Z,2024-03-29T09:00:00Z,TRAWLERS,FISHING,316003695,,VD7222,2015-12-28T12:18:24Z,2026-07-06T23:58:04Z,9.07
46.1,-58.400002,2024-03,64d5a1adf-f4cb-9dea-2d39-cbb83e927f31,CAN,LET R RIP,2024-03-11T06:00:00Z,2024-03-23T08:00:00Z,SET_LONGLINES,FISHING,316002514,,,2020-11-11T15:39:26Z,2026-07-06T23:58:57Z,8.24
48.3,-59.799999,2024-03,c405f67e3-3d27-39dd-b135-753d223a3a5d,CAN,MERIDIAN 66,2024-03-06T07:00:00Z,2024-03-26T13:00:00Z,TRAWLERS,FISHING,316003542,,,2015-05-03T01:30:52Z,2026-05-05T12:08:58Z,32.45
45.7,-59.0,2024-03,f538b8eb8-8b5e-9062-d299-6512d6b2e64e,CAN,BLACK CLOUD,2024-03-05T19:00:00Z,2024-03-26T21:00:00Z,SET_GILLNETS,FISHING,316028047,,,2019-01-03T16:23:42Z,2026-07-06T07:05:27Z,5.84
45.1,-57.400002,2024-03,3c447ad31-1c26-2868-736e-2fccb6120740,CAN,EMRY BOYS,2024-03-10T07:00:00Z,2024-03-23T14:00:00Z,DRIFTING_LONGLINES,FISHING,316025389,,,2020-10-07T17:07:50Z,2025-11-25T16:43:30Z,1.37
50.2,-58.0,2024-03,16a2f0515-5c56-993d-0331-a92377b84f27,CAN,NORTHERN OSPREY III,2024-03-04T13:00:00Z,2024-03-09T22:00:00Z,TRAWLERS,FISHING,316014290,9804007.0,CFET,2017-08-30T12:19:46Z,2026-07-06T23:59:47Z,0.02
45.6,-60.0,2024-03,53cae2166-63d3-0042-d784-4ce165d7bf37,CAN,AVA & BOYS,2024-03-07T00:00:00Z,2024-03-07T13:00:00Z,SET_GILLNETS,FISHING,316025271,,,2023-04-04T17:43:17Z,2026-06-10T07:52:25Z,0.95
49.0,-68.5,2024-03,995829c16-6c68-8ca4-20ff-8ec6f3aea2c7,CAN,DENIS RENE,2024-03-24T19:00:00Z,2024-03-29T15:00:00Z,FIXED_GEAR,FISHING,316039069,,,2022-03-24T14:23:28Z,2026-06-16T08:43:12Z,6.65
48.8,-67.900002,2024-03,3b461efd3-34cd-826c-083f-f8278c14c4fa,CAN,R.M. BOURLINGEUR,2024-03-25T15:00:00Z,2024-03-29T15:00:00Z,FIXED_GEAR,FISHING,316020601,,,2020-04-16T12:06:31Z,2026-06-22T21:45:31Z,8.84
45.2,-57.700001,2024-03,3c447ad31-1c26-2868-736e-2fccb6120740,CAN,EMRY BOYS,2024-03-10T07:00:00Z,2024-03-23T14:00:00Z,DRIFTING_LONGLINES,FISHING,316025389,,,2020-10-07T17:07:50Z,2025-11-25T16:43:30Z,5.24
47.1,-61.700001,2024-03,b395ece12-2597-b006-10d8-ac3227d4f80f,CAN,POINTE BASSE,2024-03-23T16:00:00Z,2024-03-29T20:00:00Z,SET_GILLNETS,FISHING,316001937,,,2017-03-18T11:45:38Z,2026-07-02T06:39:59Z,12.07
48.2,-59.799999,2024-03,48ceeb161-1ecd-7763-ce4b-23d6372d5b1e,CAN,GUARDIAN GALE,2024-03-04T18:00:00Z,2024-03-27T11:00:00Z,TRAWLERS,FISHING,316010360,,,2014-08-03T01:27:18Z,2026-07-06T23:06:48Z,66.94
46.1,-58.700001,2024-03,f538b8eb8-8b5e-9062-d299-6512d6b2e64e,CAN,BLACK CLOUD,2024-03-05T19:00:00Z,2024-03-26T21:00:00Z,SET_GILLNETS,FISHING,316028047,,,2019-01-03T16:23:42Z,2026-07-06T07:05:27Z,0.74
47.1,-57.200001,2024-03,f592078b1-1e89-68d1-bf80-3e8cb509638c,CAN,RUSSELL`S LEGACY,2024-03-03T06:00:00Z,2024-03-31T22:00:00Z,TRAWLERS,FISHING,316041365,,,2019-08-26T17:25:03Z,2026-07-06T22:48:17Z,0.33
47.1,-56.799999,2024-03,df64c7b30-0651-9cab-0552-1a8ed7a564fd,CAN,MARIE EVE II,2024-03-03T06:00:00Z,2024-03-29T09:00:00Z,TRAWLERS,FISHING,316003695,,VD7222,2015-12-28T12:18:24Z,2026-07-06T23:58:04Z,3.67
46.8,-59.799999,2024-03,5a9711ce7-747e-e81e-cf74-9c3c55493d34,CAN,HARD DAY`S NIGHT,2024-03-04T10:00:00Z,2024-03-18T02:00:00Z,FISHING,FISHING,316043687,,CH 16,2021-10-12T11:04:33Z,2026-05-03T09:34:39Z,4.32
47.1,-61.599998,2024-03,c883fd88c-cc55-7d55-424e-66fbde687539,CAN,PHOENIX IX,2024-03-23T16:00:00Z,2024-03-26T00:00:00Z,FISHING,FISHING,316014413,,,2019-04-18T20:37:50Z,2026-07-06T17:50:11Z,1.93
47.1,-61.700001,2024-03,30b2b9246-6b27-c7bf-8270-71cd984c55f4,CAN,WESTERN WIND 11,2024-03-25T13:00:00Z,2024-03-25T15:00:00Z,POLE_AND_LINE,FISHING,316001909,,,2015-06-08T03:04:18Z,2026-01-22T14:49:43Z,4.71
45.1,-56.799999,2024-03,3c447ad31-1c26-2868-736e-2fccb6120740,CAN,EMRY BOYS,2024-03-10T07:00:00Z,2024-03-23T14:00:00Z,DRIFTING_LONGLINES,FISHING,316025389,,,2020-10-07T17:07:50Z,2025-11-25T16:43:30Z,0.22
49.1,-58.200001,2024-03,43f7a90d0-056c-1c0c-4eea-e1f02b98eba5,CAN,M & R TRADITION,2024-03-09T08:00:00Z,2024-03-26T20:00:00Z,TRAWLERS,FISHING,316002703,,,2015-06-02T15:00:48Z,2026-07-06T17:47:51Z,1.29
45.5,-59.799999,2024-03,c4d15de78-8f15-3c04-dedd-a9ccff296b7b,CAN,LAUREN ELLIE,2024-03-23T06:00:00Z,2024-03-28T09:00:00Z,SET_LONGLINES,FISHING,316043682,,CH 16,2020-09-09T18:02:13Z,2026-07-03T18:52:12Z,4.41
45.2,-57.299999,2024-03,05d2c9314-496f-c167-2e63-6839829e234b,CAN,NATHEN K,2024-03-09T07:00:00Z,2024-03-09T16:00:00Z,TRAWLERS,FISHING,316046363,,,2021-09-09T14:46:48Z,2026-07-06T23:43:18Z,0.96
47.1,-58.299999,2024-03,df64c7b30-0651-9cab-0552-1a8ed7a564fd,CAN,MARIE EVE II,2024-03-03T06:00:00Z,2024-03-29T09:00:00Z,TRAWLERS,FISHING,316003695,,VD7222,2015-12-28T12:18:24Z,2026-07-06T23:58:04Z,19.0
47.3,-60.299999,2024-03,f538b8eb8-8b5e-9062-d299-6512d6b2e64e,CAN,BLACK CLOUD,2024-03-05T19:00:00Z,2024-03-26T21:00:00Z,SET_GILLNETS,FISHING,316028047,,,2019-01-03T16:23:42Z,2026-07-06T07:05:27Z,6.31
48.2,-59.700001,2024-03,b16853923-309c-e6c3-4745-c0d161bfe378,CAN,B & B MARINER,2024-03-16T17:00:00Z,2024-03-20T14:00:00Z,TRAWLERS,FISHING,316011433,,,2013-10-07T01:30:11Z,2026-07-06T23:03:59Z,2.8
48.6,-68.400002,2024-03,09867d9ba-aa7d-e56c-0877-e3d059c4dfff,CAN,LE CLARISSA,2024-03-25T13:00:00Z,2024-03-29T17:00:00Z,SET_GILLNETS,FISHING,316031917,,,2018-03-23T12:21:35Z,2026-06-05T15:02:11Z,2.33
46.9,-57.400002,2024-03,f592078b1-1e89-68d1-bf80-3e8cb509638c,CAN,RUSSELL`S LEGACY,2024-03-03T06:00:00Z,2024-03-31T22:00:00Z,TRAWLERS,FISHING,316041365,,,2019-08-26T17:25:03Z,2026-07-06T22:48:17Z,15.37
47.0,-57.400002,2024-03,900836bdd-d9ce-5c3b-02d1-c1de5fb32078,CAN,ATLANTIC BLUEFIN TOO,2024-03-06T17:00:00Z,2024-03-31T12:00:00Z,FISHING,FISHING,316007010,,,2015-11-02T03:02:04Z,2026-07-06T23:48:29Z,6.76
46.3,-58.400002,2024-03,64d5a1adf-f4cb-9dea-2d39-cbb83e927f31,CAN,LET R RIP,2024-03-11T06:00:00Z,2024-03-23T08:00:00Z,SET_LONGLINES,FISHING,316002514,,,2020-11-11T15:39:26Z,2026-07-06T23:58:57Z,10.1
45.1,-65.599998,2024-03,6b3e8b4e2-2e28-d35e-4807-9d78df3d4e41,CAN,BRYCAS,2024-03-30T13:00:00Z,2024-03-31T20:00:00Z,TRAWLERS,FISHING,316007872,,,2020-04-30T12:41:58Z,2026-07-03T17:18:26Z,7.13
46.8,-57.900002,2024-03,f592078b1-1e89-68d1-bf80-3e8cb509638c,CAN,RUSSELL`S LEGACY,2024-03-03T06:00:00Z,2024-03-31T22:00:00Z,TRAWLERS,FISHING,316041365,,,2019-08-26T17:25:03Z,2026-07-06T22:48:17Z,4.61
47.2,-58.200001,2024-03,f592078b1-1e89-68d1-bf80-3e8cb509638c,CAN,RUSSELL`S LEGACY,2024-03-03T06:00:00Z,2024-03-31T22:00:00Z,TRAWLERS,FISHING,316041365,,,2019-08-26T17:25:03Z,2026-07-06T22:48:17Z,10.84
48.9,-67.699997,2024-03,cc3825877-707c-95eb-1952-5bf80f5e4f12,CAN,LA GASPESIENNE 51,2024-03-24T23:00:00Z,2024-03-31T15:00:00Z,FISHING,FISHING,316039057,,,2020-03-22T14:30:32Z,2026-07-06T23:24:50Z,2.27
45.2,-65.699997,2024-03,6b3e8b4e2-2e28-d35e-4807-9d78df3d4e41,CAN,BRYCAS,2024-03-30T13:00:00Z,2024-03-31T20:00:00Z,TRAWLERS,FISHING,316007872,,,2020-04-30T12:41:58Z,2026-07-03T17:18:26Z,10.8
46.9,-57.400002,2024-03,df64c7b30-0651-9cab-0552-1a8ed7a564fd,CAN,MARIE EVE II,2024-03-03T06:00:00Z,2024-03-29T09:00:00Z,TRAWLERS,FISHING,316003695,,VD7222,2015-12-28T12:18:24Z,2026-07-06T23:58:04Z,23.68
45.9,-58.200001,2024-03,64d5a1adf-f4cb-9dea-2d39-cbb83e927f31,CAN,LET R RIP,2024-03-11T06:00:00Z,2024-03-23T08:00:00Z,SET_LONGLINES,FISHING,316002514,,,2020-11-11T15:39:26Z,2026-07-06T23:58:57Z,6.49
46.0,-58.299999,2024-03,64d5a1adf-f4cb-9dea-2d39-cbb83e927f31,CAN,LET R RIP,2024-03-11T06:00:00Z,2024-03-23T08:00:00Z,SET_LONGLINES,FISHING,316002514,,,2020-11-11T15:39:26Z,2026-07-06T23:58:57Z,6.1
45.6,-60.200001,2024-03,53cae2166-63d3-0042-d784-4ce165d7bf37,CAN,AVA & BOYS,2024-03-07T00:00:00Z,2024-03-07T13:00:00Z,SET_GILLNETS,FISHING,316025271,,,2023-04-04T17:43:17Z,2026-06-10T07:52:25Z,7.11
45.4,-57.599998,2024-03,673d92d4e-e28c-ee4d-28c7-c21191231739,CAN,BLAIR MARIE & BOYS,2024-03-18T06:00:00Z,2024-03-18T21:00:00Z,SET_LONGLINES,FISHING,316001532,,,2023-03-23T09:29:19Z,2025-12-27T21:30:47Z,1.4
47.1,-58.299999,2024-03,f592078b1-1e89-68d1-bf80-3e8cb509638c,CAN,RUSSELL`S LEGACY,2024-03-03T06:00:00Z,2024-03-31T22:00:00Z,TRAWLERS,FISHING,316041365,,,2019-08-26T17:25:03Z,2026-07-06T22:48:17Z,1.88
48.3,-59.900002,2024-03,c405f67e3-3d27-39dd-b135-753d223a3a5d,CAN,MERIDIAN 66,2024-03-06T07:00:00Z,2024-03-26T13:00:00Z,TRAWLERS,FISHING,316003542,,,2015-05-03T01:30:52Z,2026-05-05T12:08:58Z,1.54
46.7,-57.700001,2024-03,df64c7b30-0651-9cab-0552-1a8ed7a564fd,CAN,MARIE EVE II,2024-03-03T06:00:00Z,2024-03-29T09:00:00Z,TRAWLERS,FISHING,316003695,,VD7222,2015-12-28T12:18:24Z,2026-07-06T23:58:04Z,13.35
45.1,-60.099998,2024-03,e5d48e026-6d1f-b375-2952-019ba586dc5b,CAN,DOUBLE TROUBLE XXX,2024-03-16T13:00:00Z,2024-03-16T19:00:00Z,SET_GILLNETS,FISHING,316035994,,,2018-04-28T13:38:29Z,2026-05-01T12:26:46Z,1.57
47.2,-60.200001,2024-03,5a9711ce7-747e-e81e-cf74-9c3c55493d34,CAN,HARD DAY`S NIGHT,2024-03-04T10:00:00Z,2024-03-18T02:00:00Z,FISHING,FISHING,316043687,,CH 16,2021-10-12T11:04:33Z,2026-05-03T09:34:39Z,0.81
48.2,-59.799999,2024-03,a860e2995-54f0-6403-3f8a-6c51444b52f9,CAN,SEA VOYAGER II,2024-03-05T10:00:00Z,2024-03-17T19:00:00Z,TRAWLERS,FISHING,316002174,,,2014-07-14T10:25:35Z,2026-07-06T16:23:41Z,50.82
45.7,-60.0,2024-03,00af1dc8d-d49d-1652-6230-493e885b617c,CAN,SABRINA & GIRLS,2024-03-15T08:00:00Z,2024-03-28T20:00:00Z,SET_GILLNETS,FISHING,316024147,,CH16,2022-08-02T17:50:10Z,2026-07-06T06:58:17Z,2.22
47.2,-58.5,2024-03,df64c7b30-0651-9cab-0552-1a8ed7a564fd,CAN,MARIE EVE II,2024-03-03T06:00:00Z,2024-03-29T09:00:00Z,TRAWLERS,FISHING,316003695,,VD7222,2015-12-28T12:18:24Z,2026-07-06T23:58:04Z,4.71
47.2,-58.299999,2024-03,df64c7b30-0651-9cab-0552-1a8ed7a564fd,CAN,MARIE EVE II,2024-03-03T06:00:00Z,2024-03-29T09:00:00Z,TRAWLERS,FISHING,316003695,,VD7222,2015-12-28T12:18:24Z,2026-07-06T23:58:04Z,6.92
45.3,-65.5,2024-03,23eb893a7-7c35-847d-d8df-48cfc3c1e63e,CAN,BLACK DUCK 1,2024-03-14T13:00:00Z,2024-03-17T00:00:00Z,TRAWLERS,FISHING,316003649,,CH - 16,2022-02-13T21:19:51Z,2026-07-06T22:12:01Z,14.52
48.5,-68.599998,2024-03,d0b5ced1e-e7ff-0ea0-d0ff-6143af98bf5e,CAN,JULIAN,2024-03-25T13:00:00Z,2024-03-31T13:00:00Z,SET_GILLNETS,FISHING,316006028,,,2019-03-27T13:29:53Z,2026-06-11T22:12:52Z,2.36
47.2,-61.700001,2024-03,c883fd88c-cc55-7d55-424e-66fbde687539,CAN,PHOENIX IX,2024-03-23T16:00:00Z,2024-03-26T00:00:00Z,FISHING,FISHING,316014413,,,2019-04-18T20:37:50Z,2026-07-06T17:50:11Z,3.8
46.9,-58.0,2024-03,df64c7b30-0651-9cab-0552-1a8ed7a564fd,CAN,MARIE EVE II,2024-03-03T06:00:00Z,2024-03-29T09:00:00Z,TRAWLERS,FISHING,316003695,,VD7222,2015-12-28T12:18:24Z,2026-07-06T23:58:04Z,1.97
46.0,-57.900002,2024-03,64d5a1adf-f4cb-9dea-2d39-cbb83e927f31,CAN,LET R RIP,2024-03-11T06:00:00Z,2024-03-23T08:00:00Z,SET_LONGLINES,FISHING,316002514,,,2020-11-11T15:39:26Z,2026-07-06T23:58:57Z,2.47
47.1,-56.400002,2024-03,df64c7b30-0651-9cab-0552-1a8ed7a564fd,CAN,MARIE EVE II,2024-03-03T06:00:00Z,2024-03-29T09:00:00Z,TRAWLERS,FISHING,316003695,,VD7222,2015-12-28T12:18:24Z,2026-07-06T23:58:04Z,0.36
47.0,-57.200001,2024-03,f592078b1-1e89-68d1-bf80-3e8cb509638c,CAN,RUSSELL`S LEGACY,2024-03-03T06:00:00Z,2024-03-31T22:00:00Z,TRAWLERS,FISHING,316041365,,,2019-08-26T17:25:03Z,2026-07-06T22:48:17Z,5.15
48.8,-68.0,2024-03,cc3825877-707c-95eb-1952-5bf80f5e4f12,CAN,LA GASPESIENNE 51,2024-03-24T23:00:00Z,2024-03-31T15:00:00Z,FISHING,FISHING,316039057,,,2020-03-22T14:30:32Z,2026-07-06T23:24:50Z,4.77
46.6,-58.599998,2024-03,447d97d9e-eedc-33ba-01f1-16747d105319,CAN,RYAN AND GIRLS,2024-03-05T07:00:00Z,2024-03-16T19:00:00Z,FIXED_GEAR,FISHING,316019959,,CH.16,2013-02-06T23:12:34Z,2026-07-06T23:59:29Z,41.17
45.0,-57.099998,2024-03,05d2c9314-496f-c167-2e63-6839829e234b,CAN,NATHEN K,2024-03-09T07:00:00Z,2024-03-09T16:00:00Z,TRAWLERS,FISHING,316046363,,,2021-09-09T14:46:48Z,2026-07-06T23:43:18Z,0.99
47.1,-58.200001,2024-03,df64c7b30-0651-9cab-0552-1a8ed7a564fd,CAN,MARIE EVE II,2024-03-03T06:00:00Z,2024-03-29T09:00:00Z,TRAWLERS,FISHING,316003695,,VD7222,2015-12-28T12:18:24Z,2026-07-06T23:58:04Z,14.95
46.4,-58.700001,2024-03,447d97d9e-eedc-33ba-01f1-16747d105319,CAN,RYAN AND GIRLS,2024-03-05T07:00:00Z,2024-03-16T19:00:00Z,FIXED_GEAR,FISHING,316019959,,CH.16,2013-02-06T23:12:34Z,2026-07-06T23:59:29Z,4.61
48.4,-59.900002,2024-03,c405f67e3-3d27-39dd-b135-753d223a3a5d,CAN,MERIDIAN 66,2024-03-06T07:00:00Z,2024-03-26T13:00:00Z,TRAWLERS,FISHING,316003542,,,2015-05-03T01:30:52Z,2026-05-05T12:08:58Z,1.21
48.8,-68.0,2024-03,3b461efd3-34cd-826c-083f-f8278c14c4fa,CAN,R.M. BOURLINGEUR,2024-03-25T15:00:00Z,2024-03-29T15:00:00Z,FIXED_GEAR,FISHING,316020601,,,2020-04-16T12:06:31Z,2026-06-22T21:45:31Z,3.89
48.1,-59.700001,2024-03,48ceeb161-1ecd-7763-ce4b-23d6372d5b1e,CAN,GUARDIAN GALE,2024-03-04T18:00:00Z,2024-03-27T11:00:00Z,TRAWLERS,FISHING,316010360,,,2014-08-03T01:27:18Z,2026-07-06T23:06:48Z,10.57
48.7,-68.900002,2024-03,8cfd13de3-3484-fcbf-37d3-428bb97a0b8e,CAN,TREMAILLEUR,2024-03-24T10:00:00Z,2024-03-29T16:00:00Z,SET_GILLNETS,FISHING,316038384,,,2020-06-16T22:44:07Z,2026-05-19T22:14:26Z,7.99
45.8,-58.0,2024-03,64d5a1adf-f4cb-9dea-2d39-cbb83e927f31,CAN,LET R RIP,2024-03-11T06:00:00Z,2024-03-23T08:00:00Z,SET_LONGLINES,FISHING,316002514,,,2020-11-11T15:39:26Z,2026-07-06T23:58:57Z,5.0
45.8,-58.799999,2024-03,64d5a1adf-f4cb-9dea-2d39-cbb83e927f31,CAN,LET R RIP,2024-03-11T06:00:00Z,2024-03-23T08:00:00Z,SET_LONGLINES,FISHING,316002514,,,2020-11-11T15:39:26Z,2026-07-06T23:58:57Z,6.99
48.6,-68.599998,2024-03,d0b5ced1e-e7ff-0ea0-d0ff-6143af98bf5e,CAN,JULIAN,2024-03-25T13:00:00Z,2024-03-31T13:00:00Z,SET_GILLNETS,FISHING,316006028,,,2019-03-27T13:29:53Z,2026-06-11T22:12:52Z,17.46
48.9,-67.599998,2024-03,cc3825877-707c-95eb-1952-5bf80f5e4f12,CAN,LA GASPESIENNE 51,2024-03-24T23:00:00Z,2024-03-31T15:00:00Z,FISHING,FISHING,316039057,,,2020-03-22T14:30:32Z,2026-07-06T23:24:50Z,7.24
46.8,-57.5,2024-03,f592078b1-1e89-68d1-bf80-3e8cb509638c,CAN,RUSSELL`S LEGACY,2024-03-03T06:00:00Z,2024-03-31T22:00:00Z,TRAWLERS,FISHING,316041365,,,2019-08-26T17:25:03Z,2026-07-06T22:48:17Z,10.55
45.0,-65.599998,2024-03,6b3e8b4e2-2e28-d35e-4807-9d78df3d4e41,CAN,BRYCAS,2024-03-30T13:00:00Z,2024-03-31T20:00:00Z,TRAWLERS,FISHING,316007872,,,2020-04-30T12:41:58Z,2026-07-03T17:18:26Z,1.45
46.4,-58.5,2024-03,64d5a1adf-f4cb-9dea-2d39-cbb83e927f31,CAN,LET R RIP,2024-03-11T06:00:00Z,2024-03-23T08:00:00Z,SET_LONGLINES,FISHING,316002514,,,2020-11-11T15:39:26Z,2026-07-06T23:58:57Z,5.4
47.1,-61.900002,2024-03,1f597fa5e-e517-966b-a0aa-b64871fb59df,CAN,AARON ANCIL,2024-03-25T13:00:00Z,2024-03-26T16:00:00Z,TRAWLERS,FISHING,316030853,,,2020-03-27T18:34:12Z,2026-04-23T20:22:59Z,0.32
48.8,-67.599998,2024-03,cc3825877-707c-95eb-1952-5bf80f5e4f12,CAN,LA GASPESIENNE 51,2024-03-24T23:00:00Z,2024-03-31T15:00:00Z,FISHING,FISHING,316039057,,,2020-03-22T14:30:32Z,2026-07-06T23:24:50Z,0.6
48.5,-68.699997,2024-03,d0b5ced1e-e7ff-0ea0-d0ff-6143af98bf5e,CAN,JULIAN,2024-03-25T13:00:00Z,2024-03-31T13:00:00Z,SET_GILLNETS,FISHING,316006028,,,2019-03-27T13:29:53Z,2026-06-11T22:12:52Z,1.48
48.5,-59.799999,2024-03,a860e2995-54f0-6403-3f8a-6c51444b52f9,CAN,SEA VOYAGER II,2024-03-05T10:00:00Z,2024-03-17T19:00:00Z,TRAWLERS,FISHING,316002174,,,2014-07-14T10:25:35Z,2026-07-06T16:23:41Z,1.28
48.6,-68.599998,2024-03,76bfb267c-c095-b0dd-161f-5aacea3cda8f,CAN,LE BICOIS,2024-03-26T10:00:00Z,2024-03-29T21:00:00Z,SET_GILLNETS,FISHING,316003281,,,2019-03-27T09:13:13Z,2026-07-06T23:26:04Z,0.97
45.1,-57.099998,2024-03,05d2c9314-496f-c167-2e63-6839829e234b,CAN,NATHEN K,2024-03-09T07:00:00Z,2024-03-09T16:00:00Z,TRAWLERS,FISHING,316046363,,,2021-09-09T14:46:48Z,2026-07-06T23:43:18Z,2.02
48.8,-67.699997,2024-03,cc3825877-707c-95eb-1952-5bf80f5e4f12,CAN,LA GASPESIENNE 51,2024-03-24T23:00:00Z,2024-03-31T15:00:00Z,FISHING,FISHING,316039057,,,2020-03-22T14:30:32Z,2026-07-06T23:24:50Z,2.16
48.7,-59.900002,2024-03,7bf3bbc21-1bb8-aae4-4c5f-3f8c9b49b654,CAN,DOMINIC FRANCIS,2024-03-31T13:00:00Z,2024-03-31T16:00:00Z,TRAWLERS,FISHING,316002654,,VC5851,2017-04-08T04:03:08Z,2026-07-06T16:23:37Z,0.99
48.0,-59.599998,2024-03,b16853923-309c-e6c3-4745-c0d161bfe378,CAN,B & B MARINER,2024-03-16T17:00:00Z,2024-03-20T14:00:00Z,TRAWLERS,FISHING,316011433,,,2013-10-07T01:30:11Z,2026-07-06T23:03:59Z,9.65
46.6,-58.5,2024-03,447d97d9e-eedc-33ba-01f1-16747d105319,CAN,RYAN AND GIRLS,2024-03-05T07:00:00Z,2024-03-16T19:00:00Z,FIXED_GEAR,FISHING,316019959,,CH.16,2013-02-06T23:12:34Z,2026-07-06T23:59:29Z,14.57
47.1,-61.799999,2024-03,b395ece12-2597-b006-10d8-ac3227d4f80f,CAN,POINTE BASSE,2024-03-23T16:00:00Z,2024-03-29T20:00:00Z,SET_GILLNETS,FISHING,316001937,,,2017-03-18T11:45:38Z,2026-07-02T06:39:59Z,13.7
47.2,-60.400002,2024-03,f538b8eb8-8b5e-9062-d299-6512d6b2e64e,CAN,BLACK CLOUD,2024-03-05T19:00:00Z,2024-03-26T21:00:00Z,SET_GILLNETS,FISHING,316028047,,,2019-01-03T16:23:42Z,2026-07-06T07:05:27Z,2.57
49.0,-57.900002,2024-03,43f7a90d0-056c-1c0c-4eea-e1f02b98eba5,CAN,M & R TRADITION,2024-03-09T08:00:00Z,2024-03-26T20:00:00Z,TRAWLERS,FISHING,316002703,,,2015-06-02T15:00:48Z,2026-07-06T17:47:51Z,0.02
48.6,-68.5,2024-03,d0b5ced1e-e7ff-0ea0-d0ff-6143af98bf5e,CAN,JULIAN,2024-03-25T13:00:00Z,2024-03-31T13:00:00Z,SET_GILLNETS,FISHING,316006028,,,2019-03-27T13:29:53Z,2026-06-11T22:12:52Z,18.34
45.8,-59.0,2024-03,f538b8eb8-8b5e-9062-d299-6512d6b2e64e,CAN,BLACK CLOUD,2024-03-05T19:00:00Z,2024-03-26T21:00:00Z,SET_GILLNETS,FISHING,316028047,,,2019-01-03T16:23:42Z,2026-07-06T07:05:27Z,14.0
48.6,-68.5,2024-03,76bfb267c-c095-b0dd-161f-5aacea3cda8f,CAN,LE BICOIS,2024-03-26T10:00:00Z,2024-03-29T21:00:00Z,SET_GILLNETS,FISHING,316003281,,,2019-03-27T09:13:13Z,2026-07-06T23:26:04Z,0.99
47.1,-58.200001,2024-03,900836bdd-d9ce-5c3b-02d1-c1de5fb32078,CAN,ATLANTIC BLUEFIN TOO,2024-03-06T17:00:00Z,2024-03-31T12:00:00Z,FISHING,FISHING,316007010,,,2015-11-02T03:02:04Z,2026-07-06T23:48:29Z,9.66
48.6,-69.0,2024-03,8cfd13de3-3484-fcbf-37d3-428bb97a0b8e,CAN,TREMAILLEUR,2024-03-24T10:00:00Z,2024-03-29T16:00:00Z,SET_GILLNETS,FISHING,316038384,,,2020-06-16T22:44:07Z,2026-05-19T22:14:26Z,0.0
45.4,-59.900002,2024-03,c4d15de78-8f15-3c04-dedd-a9ccff296b7b,CAN,LAUREN ELLIE,2024-03-23T06:00:00Z,2024-03-28T09:00:00Z,SET_LONGLINES,FISHING,316043682,,CH 16,2020-09-09T18:02:13Z,2026-07-03T18:52:12Z,0.91
48.8,-67.800003,2024-03,cc3825877-707c-95eb-1952-5bf80f5e4f12,CAN,LA GASPESIENNE 51,2024-03-24T23:00:00Z,2024-03-31T15:00:00Z,FISHING,FISHING,316039057,,,2020-03-22T14:30:32Z,2026-07-06T23:24:50Z,0.33
46.8,-57.799999,2024-03,f592078b1-1e89-68d1-bf80-3e8cb509638c,CAN,RUSSELL`S LEGACY,2024-03-03T06:00:00Z,2024-03-31T22:00:00Z,TRAWLERS,FISHING,316041365,,,2019-08-26T17:25:03Z,2026-07-06T22:48:17Z,25.81
46.7,-57.799999,2024-03,f592078b1-1e89-68d1-bf80-3e8cb509638c,CAN,RUSSELL`S LEGACY,2024-03-03T06:00:00Z,2024-03-31T22:00:00Z,TRAWLERS,FISHING,316041365,,,2019-08-26T17:25:03Z,2026-07-06T22:48:17Z,5.18
45.1,-60.0,2024-03,e5d48e026-6d1f-b375-2952-019ba586dc5b,CAN,DOUBLE TROUBLE XXX,2024-03-16T13:00:00Z,2024-03-16T19:00:00Z,SET_GILLNETS,FISHING,316035994,,,2018-04-28T13:38:29Z,2026-05-01T12:26:46Z,0.02
46.1,-58.5,2024-03,64d5a1adf-f4cb-9dea-2d39-cbb83e927f31,CAN,LET R RIP,2024-03-11T06:00:00Z,2024-03-23T08:00:00Z,SET_LONGLINES,FISHING,316002514,,,2020-11-11T15:39:26Z,2026-07-06T23:58:57Z,2.66
46.1,-58.299999,2024-03,64d5a1adf-f4cb-9dea-2d39-cbb83e927f31,CAN,LET R RIP,2024-03-11T06:00:00Z,2024-03-23T08:00:00Z,SET_LONGLINES,FISHING,316002514,,,2020-11-11T15:39:26Z,2026-07-06T23:58:57Z,28.43
46.2,-58.400002,2024-03,64d5a1adf-f4cb-9dea-2d39-cbb83e927f31,CAN,LET R RIP,2024-03-11T06:00:00Z,2024-03-23T08:00:00Z,SET_LONGLINES,FISHING,316002514,,,2020-11-11T15:39:26Z,2026-07-06T23:58:57Z,12.34
46.7,-57.599998,2024-03,f592078b1-1e89-68d1-bf80-3e8cb509638c,CAN,RUSSELL`S LEGACY,2024-03-03T06:00:00Z,2024-03-31T22:00:00Z,TRAWLERS,FISHING,316041365,,,2019-08-26T17:25:03Z,2026-07-06T22:48:17Z,10.4
47.5,-59.200001,2024-03,48ceeb161-1ecd-7763-ce4b-23d6372d5b1e,CAN,GUARDIAN GALE,2024-03-04T18:00:00Z,2024-03-27T11:00:00Z,TRAWLERS,FISHING,316010360,,,2014-08-03T01:27:18Z,2026-07-06T23:06:48Z,11.97
47.2,-61.799999,2024-03,b395ece12-2597-b006-10d8-ac3227d4f80f,CAN,POINTE BASSE,2024-03-23T16:00:00Z,2024-03-29T20:00:00Z,SET_GILLNETS,FISHING,316001937,,,2017-03-18T11:45:38Z,2026-07-02T06:39:59Z,16.61
45.1,-57.799999,2024-03,3c447ad31-1c26-2868-736e-2fccb6120740,CAN,EMRY BOYS,2024-03-10T07:00:00Z,2024-03-23T14:00:00Z,DRIFTING_LONGLINES,FISHING,316025389,,,2020-10-07T17:07:50Z,2025-11-25T16:43:30Z,1.76
45.1,-57.0,2024-03,3c447ad31-1c26-2868-736e-2fccb6120740,CAN,EMRY BOYS,2024-03-10T07:00:00Z,2024-03-23T14:00:00Z,DRIFTING_LONGLINES,FISHING,316025389,,,2020-10-07T17:07:50Z,2025-11-25T16:43:30Z,0.91
47.0,-57.5,2024-03,df64c7b30-0651-9cab-0552-1a8ed7a564fd,CAN,MARIE EVE II,2024-03-03T06:00:00Z,2024-03-29T09:00:00Z,TRAWLERS,FISHING,316003695,,VD7222,2015-12-28T12:18:24Z,2026-07-06T23:58:04Z,8.42
47.0,-57.299999,2024-03,df64c7b30-0651-9cab-0552-1a8ed7a564fd,CAN,MARIE EVE II,2024-03-03T06:00:00Z,2024-03-29T09:00:00Z,TRAWLERS,FISHING,316003695,,VD7222,2015-12-28T12:18:24Z,2026-07-06T23:58:04Z,17.18
45.6,-59.900002,2024-03,c4d15de78-8f15-3c04-dedd-a9ccff296b7b,CAN,LAUREN ELLIE,2024-03-23T06:00:00Z,2024-03-28T09:00:00Z,SET_LONGLINES,FISHING,316043682,,CH 16,2020-09-09T18:02:13Z,2026-07-03T18:52:12Z,1.01
